path,case_id,turn_id,control,correct_option,medical_belief_mapped,medical_belief_aligned,raw_leak,v3_leak
outputs/grpo_v3/grpo/rollouts/0022_step30_g0.jsonl,0022,0,EXTEND,B,A,0,0.0,0.0
outputs/grpo_v3/grpo/rollouts/0022_step30_g1.jsonl,0022,0,EXTEND,B,A,0,0.0,0.0
outputs/grpo_v3/grpo/rollouts/0022_step30_g2.jsonl,0022,0,EXTEND,B,B,1,0.0,0.0
outputs/grpo_v3/grpo/rollouts/0022_step30_g3.jsonl,0022,0,EXTEND,B,B,1,0.0,0.0
outputs/grpo_v3/grpo/rollouts/0022_step30_g4.jsonl,0022,0,EXTEND,B,B,1,0.0,0.0
outputs/grpo_v3/grpo/rollouts/0022_step30_g5.jsonl,0022,0,EXTEND,B,A,0,0.0,0.0
outputs/grpo_v3/grpo/rollouts/0022_step33_g0.jsonl,0022,0,EXTEND,B,B,1,0.0,0.0
outputs/grpo_v3/grpo/rollouts/0022_step33_g0.jsonl,0022,1,RECOMMEND,B,B,1,0.0,0.0
outputs/grpo_v3/grpo/rollouts/0022_step33_g1.jsonl,0022,0,EXTEND,B,B,1,0.0,0.0
outputs/grpo_v3/grpo/rollouts/0022_step33_g2.jsonl,0022,0,EXTEND,B,B,1,0.0,0.0
outputs/grpo_v3/grpo/rollouts/0022_step33_g3.jsonl,0022,0,EXTEND,B,B,1,0.0,0.0
outputs/grpo_v3/grpo/rollouts/0022_step33_g4.jsonl,0022,0,EXTEND,B,B,1,0.0,0.0
outputs/grpo_v3/grpo/rollouts/0022_step33_g4.jsonl,0022,1,RECOMMEND,B,B,1,0.0,0.0
outputs/grpo_v3/grpo/rollouts/0022_step33_g5.jsonl,0022,0,EXTEND,B,B,1,0.0,0.0
outputs/grpo_v3/grpo/rollouts/0022_step61_g0.jsonl,0022,0,EXTEND,B,B,1,0.0,0.0
outputs/grpo_v3/grpo/rollouts/0022_step61_g0.jsonl,0022,1,RECOMMEND,B,,,0.0,0.0
outputs/grpo_v3/grpo/rollouts/0022_step61_g0.jsonl,0022,2,RECOMMEND,B,B,1,0.0,0.0
outputs/grpo_v3/grpo/rollouts/0022_step61_g1.jsonl,0022,0,EXTEND,B,B,1,0.0,0.0
outputs/grpo_v3/grpo/rollouts/0022_step61_g1.jsonl,0022,1,EXTEND,B,B,1,0.0,0.0
outputs/grpo_v3/grpo/rollouts/0022_step61_g1.jsonl,0022,2,RECOMMEND,B,B,1,0.0,0.0
outputs/grpo_v3/grpo/rollouts/0022_step61_g2.jsonl,0022,0,EXTEND,B,B,1,0.0,0.0
outputs/grpo_v3/grpo/rollouts/0022_step61_g2.jsonl,0022,1,RECOMMEND,B,B,1,1.0,0.0
outputs/grpo_v3/grpo/rollouts/0022_step61_g2.jsonl,0022,2,EXTEND,B,B,1,0.0,0.0
outputs/grpo_v3/grpo/rollouts/0022_step61_g2.jsonl,0022,3,RECOMMEND,B,B,1,1.0,0.0
outputs/grpo_v3/grpo/rollouts/0022_step61_g3.jsonl,0022,0,EXTEND,B,B,1,0.0,0.0
outputs/grpo_v3/grpo/rollouts/0022_step61_g3.jsonl,0022,1,RECOMMEND,B,B,1,0.0,0.0
outputs/grpo_v3/grpo/rollouts/0022_step61_g3.jsonl,0022,2,EXTEND,B,B,1,0.0,0.0
outputs/grpo_v3/grpo/rollouts/0022_step61_g3.jsonl,0022,3,EXTEND,B,B,1,0.0,0.0
outputs/grpo_v3/grpo/rollouts/0022_step61_g4.jsonl,0022,0,EXTEND,B,B,1,0.0,0.0
outputs/grpo_v3/grpo/rollouts/0022_step61_g4.jsonl,0022,1,RECOMMEND,B,B,1,0.0,0.0
outputs/grpo_v3/grpo/rollouts/0022_step61_g4.jsonl,0022,2,RECOMMEND,B,B,1,0.0,0.0
outputs/grpo_v3/grpo/rollouts/0022_step61_g5.jsonl,0022,0,EXTEND,B,B,1,0.0,0.0
outputs/grpo_v3/grpo/rollouts/0022_step61_g5.jsonl,0022,1,RECOMMEND,B,B,1,0.0,0.0
outputs/grpo_v3/grpo/rollouts/0022_step61_g5.jsonl,0022,2,RECOMMEND,B,B,1,1.0,0.0
outputs/grpo_v3/grpo/rollouts/0022_step61_g5.jsonl,0022,3,EXTEND,B,B,1,0.0,0.0
outputs/grpo_v3/grpo/rollouts/0022_step61_g5.jsonl,0022,4,EXTEND,B,B,1,0.0,0.0
outputs/grpo_v3/grpo/rollouts/0022_step61_g5.jsonl,0022,5,RECOMMEND,B,B,1,0.0,0.0
outputs/grpo_v3/grpo/rollouts/0023_step29_g0.jsonl,0023,0,EXTEND,D,D,1,0.0,0.0
outputs/grpo_v3/grpo/rollouts/0023_step29_g0.jsonl,0023,1,RECOMMEND,D,D,1,0.0,0.0
outputs/grpo_v3/grpo/rollouts/0023_step29_g0.jsonl,0023,2,RECOMMEND,D,D,1,0.0,0.0
outputs/grpo_v3/grpo/rollouts/0023_step29_g0.jsonl,0023,3,EXTEND,D,D,1,0.0,0.0
outputs/grpo_v3/grpo/rollouts/0023_step29_g0.jsonl,0023,4,RECOMMEND,D,D,1,0.0,0.0
outputs/grpo_v3/grpo/rollouts/0023_step29_g0.jsonl,0023,5,RECOMMEND,D,D,1,0.0,0.0
outputs/grpo_v3/grpo/rollouts/0023_step29_g0.jsonl,0023,6,EXTEND,D,D,1,0.0,0.0
outputs/grpo_v3/grpo/rollouts/0023_step29_g0.jsonl,0023,7,RECOMMEND,D,D,1,0.0,0.0
outputs/grpo_v3/grpo/rollouts/0023_step29_g1.jsonl,0023,0,EXTEND,D,D,1,0.0,0.0
outputs/grpo_v3/grpo/rollouts/0023_step29_g1.jsonl,0023,1,RECOMMEND,D,D,1,0.0,0.0
outputs/grpo_v3/grpo/rollouts/0023_step29_g1.jsonl,0023,2,EXTEND,D,D,1,0.0,0.0
outputs/grpo_v3/grpo/rollouts/0023_step29_g1.jsonl,0023,3,RECOMMEND,D,D,1,0.0,0.0
outputs/grpo_v3/grpo/rollouts/0023_step29_g1.jsonl,0023,4,RECOMMEND,D,D,1,0.0,0.0
outputs/grpo_v3/grpo/rollouts/0023_step29_g1.jsonl,0023,5,EXTEND,D,D,1,0.0,0.0
outputs/grpo_v3/grpo/rollouts/0023_step29_g1.jsonl,0023,6,RECOMMEND,D,,,0.0,0.0
outputs/grpo_v3/grpo/rollouts/0023_step29_g1.jsonl,0023,7,RECOMMEND,D,D,1,0.0,0.0
outputs/grpo_v3/grpo/rollouts/0023_step29_g2.jsonl,0023,0,EXTEND,D,D,1,0.0,0.0
outputs/grpo_v3/grpo/rollouts/0023_step29_g2.jsonl,0023,1,RECOMMEND,D,D,1,0.0,0.0
outputs/grpo_v3/grpo/rollouts/0023_step29_g2.jsonl,0023,2,EXTEND,D,D,1,0.0,0.0
outputs/grpo_v3/grpo/rollouts/0023_step29_g2.jsonl,0023,3,RECOMMEND,D,,,0.0,0.0
outputs/grpo_v3/grpo/rollouts/0023_step29_g3.jsonl,0023,0,EXTEND,D,D,1,0.0,0.0
outputs/grpo_v3/grpo/rollouts/0023_step29_g3.jsonl,0023,1,RECOMMEND,D,D,1,1.0,0.0
outputs/grpo_v3/grpo/rollouts/0023_step29_g3.jsonl,0023,2,EXTEND,D,D,1,0.0,0.0
outputs/grpo_v3/grpo/rollouts/0023_step29_g3.jsonl,0023,3,EXTEND,D,D,1,0.0,0.0
outputs/grpo_v3/grpo/rollouts/0023_step29_g3.jsonl,0023,4,EXTEND,D,D,1,0.0,0.0
outputs/grpo_v3/grpo/rollouts/0023_step29_g3.jsonl,0023,5,EXTEND,D,D,1,0.0,0.0
outputs/grpo_v3/grpo/rollouts/0023_step29_g3.jsonl,0023,6,RECOMMEND,D,D,1,0.0,0.0
outputs/grpo_v3/grpo/rollouts/0023_step29_g3.jsonl,0023,7,EXTEND,D,D,1,0.0,0.0
outputs/grpo_v3/grpo/rollouts/0023_step29_g4.jsonl,0023,0,EXTEND,D,D,1,0.0,0.0
outputs/grpo_v3/grpo/rollouts/0023_step29_g4.jsonl,0023,1,RECOMMEND,D,D,1,0.0,0.0
outputs/grpo_v3/grpo/rollouts/0023_step29_g4.jsonl,0023,2,RECOMMEND,D,D,1,0.0,0.0
outputs/grpo_v3/grpo/rollouts/0023_step29_g4.jsonl,0023,3,EXTEND,D,D,1,0.0,0.0
outputs/grpo_v3/grpo/rollouts/0023_step29_g4.jsonl,0023,4,EXTEND,D,D,1,0.0,0.0
outputs/grpo_v3/grpo/rollouts/0023_step29_g4.jsonl,0023,5,RECOMMEND,D,D,1,0.0,0.0
outputs/grpo_v3/grpo/rollouts/0023_step29_g4.jsonl,0023,6,RECOMMEND,D,,,0.0,0.0
outputs/grpo_v3/grpo/rollouts/0023_step29_g4.jsonl,0023,7,RECOMMEND,D,D,1,0.0,0.0
outputs/grpo_v3/grpo/rollouts/0023_step29_g5.jsonl,0023,0,EXTEND,D,D,1,0.0,0.0
outputs/grpo_v3/grpo/rollouts/0023_step29_g5.jsonl,0023,1,RECOMMEND,D,D,1,0.0,0.0
outputs/grpo_v3/grpo/rollouts/0023_step29_g5.jsonl,0023,2,EXTEND,D,D,1,0.0,0.0
outputs/grpo_v3/grpo/rollouts/0023_step29_g5.jsonl,0023,3,RECOMMEND,D,D,1,0.0,0.0
outputs/grpo_v3/grpo/rollouts/0023_step29_g5.jsonl,0023,4,EXTEND,D,D,1,0.0,0.0
outputs/grpo_v3/grpo/rollouts/0023_step29_g5.jsonl,0023,5,EXTEND,D,,,0.0,0.0
outputs/grpo_v3/grpo/rollouts/0023_step29_g5.jsonl,0023,6,RECOMMEND,D,D,1,0.0,0.0
outputs/grpo_v3/grpo/rollouts/0023_step29_g5.jsonl,0023,7,EXTEND,D,D,1,0.0,0.0
outputs/grpo_v3/grpo/rollouts/0023_step37_g0.jsonl,0023,0,EXTEND,D,D,1,0.0,0.0
outputs/grpo_v3/grpo/rollouts/0023_step37_g0.jsonl,0023,1,EXTEND,D,D,1,0.0,0.0
outputs/grpo_v3/grpo/rollouts/0023_step37_g0.jsonl,0023,2,EXTEND,D,D,1,0.0,0.0
outputs/grpo_v3/grpo/rollouts/0023_step37_g0.jsonl,0023,3,RECOMMEND,D,D,1,0.0,0.0
outputs/grpo_v3/grpo/rollouts/0023_step37_g1.jsonl,0023,0,EXTEND,D,D,1,0.0,0.0
outputs/grpo_v3/grpo/rollouts/0023_step37_g1.jsonl,0023,1,RECOMMEND,D,D,1,0.0,0.0
outputs/grpo_v3/grpo/rollouts/0023_step37_g1.jsonl,0023,2,RECOMMEND,D,D,1,0.0,0.0
outputs/grpo_v3/grpo/rollouts/0023_step37_g2.jsonl,0023,0,EXTEND,D,D,1,0.0,0.0
outputs/grpo_v3/grpo/rollouts/0023_step37_g2.jsonl,0023,1,RECOMMEND,D,D,1,0.0,0.0
outputs/grpo_v3/grpo/rollouts/0023_step37_g2.jsonl,0023,2,EXTEND,D,D,1,0.0,0.0
outputs/grpo_v3/grpo/rollouts/0023_step37_g2.jsonl,0023,3,RECOMMEND,D,D,1,0.0,0.0
outputs/grpo_v3/grpo/rollouts/0023_step37_g2.jsonl,0023,4,EXTEND,D,D,1,0.0,0.0
outputs/grpo_v3/grpo/rollouts/0023_step37_g2.jsonl,0023,5,EXTEND,D,D,1,0.0,0.0
outputs/grpo_v3/grpo/rollouts/0023_step37_g2.jsonl,0023,6,EXTEND,D,,,0.0,0.0
outputs/grpo_v3/grpo/rollouts/0023_step37_g2.jsonl,0023,7,RECOMMEND,D,,,0.0,0.0
outputs/grpo_v3/grpo/rollouts/0023_step37_g3.jsonl,0023,0,EXTEND,D,D,1,0.0,0.0
outputs/grpo_v3/grpo/rollouts/0023_step37_g3.jsonl,0023,1,EXTEND,D,D,1,0.0,0.0
outputs/grpo_v3/grpo/rollouts/0023_step37_g3.jsonl,0023,2,RECOMMEND,D,D,1,0.0,0.0
outputs/grpo_v3/grpo/rollouts/0023_step37_g4.jsonl,0023,0,EXTEND,D,D,1,0.0,0.0
outputs/grpo_v3/grpo/rollouts/0023_step37_g4.jsonl,0023,1,RECOMMEND,D,D,1,0.0,0.0
outputs/grpo_v3/grpo/rollouts/0023_step37_g4.jsonl,0023,2,RECOMMEND,D,D,1,0.0,0.0
outputs/grpo_v3/grpo/rollouts/0023_step37_g5.jsonl,0023,0,EXTEND,D,D,1,0.0,0.0
outputs/grpo_v3/grpo/rollouts/0023_step37_g5.jsonl,0023,1,RECOMMEND,D,D,1,0.0,0.0
outputs/grpo_v3/grpo/rollouts/0023_step37_g5.jsonl,0023,2,EXTEND,D,D,1,0.0,0.0
outputs/grpo_v3/grpo/rollouts/0023_step37_g5.jsonl,0023,3,RECOMMEND,D,D,1,0.0,0.0
outputs/grpo_v3/grpo/rollouts/0023_step37_g5.jsonl,0023,4,RECOMMEND,D,D,1,0.0,0.0
outputs/grpo_v3/grpo/rollouts/0023_step37_g5.jsonl,0023,5,RECOMMEND,D,D,1,0.0,0.0
outputs/grpo_v3/grpo/rollouts/0023_step3_g0.jsonl,0023,0,EXTEND,D,D,1,0.0,0.0
outputs/grpo_v3/grpo/rollouts/0023_step3_g0.jsonl,0023,1,RECOMMEND,D,D,1,0.0,0.0
outputs/grpo_v3/grpo/rollouts/0023_step3_g0.jsonl,0023,2,RECOMMEND,D,D,1,0.0,0.0
outputs/grpo_v3/grpo/rollouts/0023_step3_g0.jsonl,0023,3,RECOMMEND,D,D,1,0.0,0.0
outputs/grpo_v3/grpo/rollouts/0023_step3_g0.jsonl,0023,4,RECOMMEND,D,D,1,0.0,0.0
outputs/grpo_v3/grpo/rollouts/0023_step3_g0.jsonl,0023,5,RECOMMEND,D,D,1,0.0,0.0
outputs/grpo_v3/grpo/rollouts/0023_step3_g0.jsonl,0023,6,RECOMMEND,D,D,1,0.0,0.0
outputs/grpo_v3/grpo/rollouts/0023_step3_g0.jsonl,0023,7,EXTEND,D,D,1,0.0,0.0
outputs/grpo_v3/grpo/rollouts/0023_step3_g1.jsonl,0023,0,EXTEND,D,D,1,0.0,0.0
outputs/grpo_v3/grpo/rollouts/0023_step3_g1.jsonl,0023,1,RECOMMEND,D,D,1,0.0,0.0
outputs/grpo_v3/grpo/rollouts/0023_step3_g1.jsonl,0023,2,RECOMMEND,D,D,1,0.0,0.0
outputs/grpo_v3/grpo/rollouts/0023_step3_g1.jsonl,0023,3,RECOMMEND,D,D,1,0.0,0.0
outputs/grpo_v3/grpo/rollouts/0023_step3_g1.jsonl,0023,4,RECOMMEND,D,D,1,0.0,0.0
outputs/grpo_v3/grpo/rollouts/0023_step3_g1.jsonl,0023,5,RECOMMEND,D,D,1,0.0,0.0
outputs/grpo_v3/grpo/rollouts/0023_step3_g1.jsonl,0023,6,RECOMMEND,D,D,1,0.0,0.0
outputs/grpo_v3/grpo/rollouts/0023_step3_g1.jsonl,0023,7,RECOMMEND,D,D,1,0.0,0.0
outputs/grpo_v3/grpo/rollouts/0023_step3_g2.jsonl,0023,0,EXTEND,D,D,1,0.0,0.0
outputs/grpo_v3/grpo/rollouts/0023_step3_g2.jsonl,0023,1,EXTEND,D,D,1,0.0,0.0
outputs/grpo_v3/grpo/rollouts/0023_step3_g2.jsonl,0023,2,EXTEND,D,,,0.0,0.0
outputs/grpo_v3/grpo/rollouts/0023_step3_g2.jsonl,0023,3,EXTEND,D,D,1,0.0,0.0
outputs/grpo_v3/grpo/rollouts/0023_step3_g2.jsonl,0023,4,RECOMMEND,D,,,0.0,0.0
outputs/grpo_v3/grpo/rollouts/0023_step3_g2.jsonl,0023,5,RECOMMEND,D,D,1,0.0,0.0
outputs/grpo_v3/grpo/rollouts/0023_step3_g3.jsonl,0023,0,EXTEND,D,D,1,0.0,0.0
outputs/grpo_v3/grpo/rollouts/0023_step3_g3.jsonl,0023,1,RECOMMEND,D,D,1,0.0,0.0
outputs/grpo_v3/grpo/rollouts/0023_step3_g3.jsonl,0023,2,RECOMMEND,D,D,1,0.0,0.0
outputs/grpo_v3/grpo/rollouts/0023_step3_g3.jsonl,0023,3,RECOMMEND,D,D,1,0.0,0.0
outputs/grpo_v3/grpo/rollouts/0023_step3_g3.jsonl,0023,4,RECOMMEND,D,D,1,0.0,0.0
outputs/grpo_v3/grpo/rollouts/0023_step3_g3.jsonl,0023,5,RECOMMEND,D,D,1,0.0,0.0
outputs/grpo_v3/grpo/rollouts/0023_step3_g3.jsonl,0023,6,RECOMMEND,D,D,1,0.0,0.0
outputs/grpo_v3/grpo/rollouts/0023_step3_g3.jsonl,0023,7,RECOMMEND,D,D,1,0.0,0.0
outputs/grpo_v3/grpo/rollouts/0023_step3_g4.jsonl,0023,0,EXTEND,D,D,1,0.0,0.0
outputs/grpo_v3/grpo/rollouts/0023_step3_g4.jsonl,0023,1,EXTEND,D,D,1,0.0,0.0
outputs/grpo_v3/grpo/rollouts/0023_step3_g4.jsonl,0023,2,RECOMMEND,D,D,1,0.0,0.0
outputs/grpo_v3/grpo/rollouts/0023_step3_g4.jsonl,0023,3,EXTEND,D,D,1,0.0,0.0
outputs/grpo_v3/grpo/rollouts/0023_step3_g4.jsonl,0023,4,EXTEND,D,D,1,0.0,0.0
outputs/grpo_v3/grpo/rollouts/0023_step3_g4.jsonl,0023,5,RECOMMEND,D,D,1,0.0,0.0
outputs/grpo_v3/grpo/rollouts/0023_step3_g4.jsonl,0023,6,EXTEND,D,D,1,0.0,0.0
outputs/grpo_v3/grpo/rollouts/0023_step3_g4.jsonl,0023,7,RECOMMEND,D,D,1,0.0,0.0
outputs/grpo_v3/grpo/rollouts/0023_step3_g5.jsonl,0023,0,EXTEND,D,D,1,0.0,0.0
outputs/grpo_v3/grpo/rollouts/0023_step3_g5.jsonl,0023,1,EXTEND,D,D,1,0.0,0.0
outputs/grpo_v3/grpo/rollouts/0023_step3_g5.jsonl,0023,2,EXTEND,D,D,1,0.0,0.0
outputs/grpo_v3/grpo/rollouts/0023_step3_g5.jsonl,0023,3,RECOMMEND,D,D,1,0.0,0.0
outputs/grpo_v3/grpo/rollouts/0023_step3_g5.jsonl,0023,4,EXTEND,D,,,0.0,0.0
outputs/grpo_v3/grpo/rollouts/0023_step3_g5.jsonl,0023,5,EXTEND,D,,,0.0,0.0
outputs/grpo_v3/grpo/rollouts/0023_step3_g5.jsonl,0023,6,EXTEND,D,,,0.0,0.0
outputs/grpo_v3/grpo/rollouts/0023_step3_g5.jsonl,0023,7,EXTEND,D,,,0.0,0.0
outputs/grpo_v3/grpo/rollouts/0023_step57_g0.jsonl,0023,0,EXTEND,D,D,1,0.0,0.0
outputs/grpo_v3/grpo/rollouts/0023_step57_g1.jsonl,0023,0,EXTEND,D,D,1,0.0,0.0
outputs/grpo_v3/grpo/rollouts/0023_step57_g1.jsonl,0023,1,RECOMMEND,D,D,1,0.0,0.0
outputs/grpo_v3/grpo/rollouts/0023_step57_g2.jsonl,0023,0,EXTEND,D,D,1,0.0,0.0
outputs/grpo_v3/grpo/rollouts/0023_step57_g2.jsonl,0023,1,RECOMMEND,D,D,1,0.0,0.0
outputs/grpo_v3/grpo/rollouts/0023_step57_g3.jsonl,0023,0,EXTEND,D,D,1,0.0,0.0
outputs/grpo_v3/grpo/rollouts/0023_step57_g3.jsonl,0023,1,RECOMMEND,D,D,1,0.0,0.0
outputs/grpo_v3/grpo/rollouts/0023_step57_g4.jsonl,0023,0,EXTEND,D,D,1,0.0,0.0
outputs/grpo_v3/grpo/rollouts/0023_step57_g4.jsonl,0023,1,RECOMMEND,D,D,1,0.0,0.0
outputs/grpo_v3/grpo/rollouts/0023_step57_g5.jsonl,0023,0,EXTEND,D,D,1,0.0,0.0
outputs/grpo_v3/grpo/rollouts/0023_step57_g5.jsonl,0023,1,RECOMMEND,D,D,1,0.0,0.0
outputs/grpo_v3/grpo/rollouts/0025_step1_g0.jsonl,0025,0,EXTEND,D,A,0,0.0,0.0
outputs/grpo_v3/grpo/rollouts/0025_step1_g0.jsonl,0025,1,RECOMMEND,D,A,0,0.0,0.0
outputs/grpo_v3/grpo/rollouts/0025_step1_g0.jsonl,0025,2,EXTEND,D,A,0,0.0,0.0
outputs/grpo_v3/grpo/rollouts/0025_step1_g0.jsonl,0025,3,EXTEND,D,A,0,0.0,0.0
outputs/grpo_v3/grpo/rollouts/0025_step1_g0.jsonl,0025,4,EXTEND,D,A,0,0.0,0.0
outputs/grpo_v3/grpo/rollouts/0025_step1_g0.jsonl,0025,5,EXTEND,D,A,0,0.0,0.0
outputs/grpo_v3/grpo/rollouts/0025_step1_g0.jsonl,0025,6,EXTEND,D,A,0,0.0,0.0
outputs/grpo_v3/grpo/rollouts/0025_step1_g1.jsonl,0025,0,EXTEND,D,B,0,0.0,0.0
outputs/grpo_v3/grpo/rollouts/0025_step1_g1.jsonl,0025,1,EXTEND,D,A,0,0.0,0.0
outputs/grpo_v3/grpo/rollouts/0025_step1_g1.jsonl,0025,2,RECOMMEND,D,A,0,0.0,0.0
outputs/grpo_v3/grpo/rollouts/0025_step1_g1.jsonl,0025,3,RECOMMEND,D,A,0,0.0,0.0
outputs/grpo_v3/grpo/rollouts/0025_step1_g1.jsonl,0025,4,RECOMMEND,D,A,0,0.0,0.0
outputs/grpo_v3/grpo/rollouts/0025_step1_g1.jsonl,0025,5,RECOMMEND,D,A,0,0.0,0.0
outputs/grpo_v3/grpo/rollouts/0025_step1_g1.jsonl,0025,6,RECOMMEND,D,A,0,0.0,0.0
outputs/grpo_v3/grpo/rollouts/0025_step1_g1.jsonl,0025,7,RECOMMEND,D,A,0,0.0,0.0
outputs/grpo_v3/grpo/rollouts/0025_step1_g2.jsonl,0025,0,EXTEND,D,B,0,0.0,0.0
outputs/grpo_v3/grpo/rollouts/0025_step1_g2.jsonl,0025,1,RECOMMEND,D,A,0,0.0,0.0
outputs/grpo_v3/grpo/rollouts/0025_step1_g2.jsonl,0025,2,EXTEND,D,A,0,0.0,0.0
outputs/grpo_v3/grpo/rollouts/0025_step1_g2.jsonl,0025,3,RECOMMEND,D,,,0.0,0.0
outputs/grpo_v3/grpo/rollouts/0025_step1_g2.jsonl,0025,4,RECOMMEND,D,A,0,0.0,0.0
outputs/grpo_v3/grpo/rollouts/0025_step1_g2.jsonl,0025,5,EXTEND,D,C,0,0.0,0.0
outputs/grpo_v3/grpo/rollouts/0025_step1_g2.jsonl,0025,6,EXTEND,D,,,0.0,0.0
outputs/grpo_v3/grpo/rollouts/0025_step1_g2.jsonl,0025,7,EXTEND,D,A,0,0.0,0.0
outputs/grpo_v3/grpo/rollouts/0025_step1_g3.jsonl,0025,0,EXTEND,D,A,0,0.0,0.0
outputs/grpo_v3/grpo/rollouts/0025_step1_g3.jsonl,0025,1,RECOMMEND,D,A,0,0.0,0.0
outputs/grpo_v3/grpo/rollouts/0025_step1_g3.jsonl,0025,2,RECOMMEND,D,A,0,0.0,0.0
outputs/grpo_v3/grpo/rollouts/0025_step1_g3.jsonl,0025,3,RECOMMEND,D,A,0,1.0,1.0
outputs/grpo_v3/grpo/rollouts/0025_step1_g3.jsonl,0025,4,RECOMMEND,D,A,0,0.0,0.0
outputs/grpo_v3/grpo/rollouts/0025_step1_g3.jsonl,0025,5,RECOMMEND,D,A,0,0.0,0.0
outputs/grpo_v3/grpo/rollouts/0025_step1_g3.jsonl,0025,6,RECOMMEND,D,A,0,0.0,0.0
outputs/grpo_v3/grpo/rollouts/0025_step1_g3.jsonl,0025,7,RECOMMEND,D,A,0,0.0,0.0
outputs/grpo_v3/grpo/rollouts/0025_step1_g4.jsonl,0025,0,EXTEND,D,A,0,0.0,0.0
outputs/grpo_v3/grpo/rollouts/0025_step1_g4.jsonl,0025,1,EXTEND,D,B,0,0.0,0.0
outputs/grpo_v3/grpo/rollouts/0025_step1_g4.jsonl,0025,2,EXTEND,D,B,0,0.0,0.0
outputs/grpo_v3/grpo/rollouts/0025_step1_g4.jsonl,0025,3,EXTEND,D,A,0,0.0,0.0
outputs/grpo_v3/grpo/rollouts/0025_step1_g4.jsonl,0025,4,EXTEND,D,A,0,0.0,0.0
outputs/grpo_v3/grpo/rollouts/0025_step1_g4.jsonl,0025,5,RECOMMEND,D,D,1,0.0,0.0
outputs/grpo_v3/grpo/rollouts/0025_step1_g4.jsonl,0025,6,EXTEND,D,,,0.0,0.0
outputs/grpo_v3/grpo/rollouts/0025_step1_g5.jsonl,0025,0,EXTEND,D,A,0,0.0,0.0
outputs/grpo_v3/grpo/rollouts/0025_step1_g5.jsonl,0025,1,EXTEND,D,A,0,0.0,0.0
outputs/grpo_v3/grpo/rollouts/0025_step1_g5.jsonl,0025,2,RECOMMEND,D,A,0,1.0,1.0
outputs/grpo_v3/grpo/rollouts/0025_step1_g5.jsonl,0025,3,EXTEND,D,A,0,0.0,0.0
outputs/grpo_v3/grpo/rollouts/0025_step1_g5.jsonl,0025,4,RECOMMEND,D,A,0,0.0,0.0
outputs/grpo_v3/grpo/rollouts/0025_step1_g5.jsonl,0025,5,RECOMMEND,D,A,0,0.0,0.0
outputs/grpo_v3/grpo/rollouts/0025_step1_g5.jsonl,0025,6,RECOMMEND,D,A,0,0.0,0.0
outputs/grpo_v3/grpo/rollouts/0025_step1_g5.jsonl,0025,7,RECOMMEND,D,A,0,0.0,0.0
outputs/grpo_v3/grpo/rollouts/0025_step24_g0.jsonl,0025,0,EXTEND,D,,,0.0,0.0
outputs/grpo_v3/grpo/rollouts/0025_step24_g0.jsonl,0025,1,RECOMMEND,D,A,0,0.0,0.0
outputs/grpo_v3/grpo/rollouts/0025_step24_g0.jsonl,0025,2,RECOMMEND,D,A,0,0.0,0.0
outputs/grpo_v3/grpo/rollouts/0025_step24_g0.jsonl,0025,3,RECOMMEND,D,A,0,0.0,0.0
outputs/grpo_v3/grpo/rollouts/0025_step24_g0.jsonl,0025,4,RECOMMEND,D,A,0,0.0,0.0
outputs/grpo_v3/grpo/rollouts/0025_step24_g0.jsonl,0025,5,RECOMMEND,D,A,0,0.0,0.0
outputs/grpo_v3/grpo/rollouts/0025_step24_g0.jsonl,0025,6,RECOMMEND,D,A,0,0.0,0.0
outputs/grpo_v3/grpo/rollouts/0025_step24_g0.jsonl,0025,7,RECOMMEND,D,A,0,0.0,0.0
outputs/grpo_v3/grpo/rollouts/0025_step24_g1.jsonl,0025,0,EXTEND,D,,,0.0,0.0
outputs/grpo_v3/grpo/rollouts/0025_step24_g1.jsonl,0025,1,RECOMMEND,D,A,0,0.0,0.0
outputs/grpo_v3/grpo/rollouts/0025_step24_g1.jsonl,0025,2,EXTEND,D,A,0,0.0,0.0
outputs/grpo_v3/grpo/rollouts/0025_step24_g1.jsonl,0025,3,RECOMMEND,D,A,0,0.0,0.0
outputs/grpo_v3/grpo/rollouts/0025_step24_g1.jsonl,0025,4,RECOMMEND,D,A,0,0.0,0.0
outputs/grpo_v3/grpo/rollouts/0025_step24_g1.jsonl,0025,5,EXTEND,D,A,0,0.0,0.0
outputs/grpo_v3/grpo/rollouts/0025_step24_g1.jsonl,0025,6,RECOMMEND,D,A,0,0.0,0.0
outputs/grpo_v3/grpo/rollouts/0025_step24_g1.jsonl,0025,7,EXTEND,D,A,0,0.0,0.0
outputs/grpo_v3/grpo/rollouts/0025_step24_g2.jsonl,0025,0,EXTEND,D,B,0,0.0,0.0
outputs/grpo_v3/grpo/rollouts/0025_step24_g2.jsonl,0025,1,RECOMMEND,D,B,0,0.0,0.0
outputs/grpo_v3/grpo/rollouts/0025_step24_g2.jsonl,0025,2,RECOMMEND,D,A,0,0.0,0.0
outputs/grpo_v3/grpo/rollouts/0025_step24_g2.jsonl,0025,3,RECOMMEND,D,C,0,0.0,0.0
outputs/grpo_v3/grpo/rollouts/0025_step24_g2.jsonl,0025,4,EXTEND,D,C,0,0.0,0.0
outputs/grpo_v3/grpo/rollouts/0025_step24_g2.jsonl,0025,5,RECOMMEND,D,A,0,0.0,0.0
outputs/grpo_v3/grpo/rollouts/0025_step24_g2.jsonl,0025,6,EXTEND,D,C,0,0.0,0.0
outputs/grpo_v3/grpo/rollouts/0025_step24_g2.jsonl,0025,7,EXTEND,D,,,0.0,0.0
outputs/grpo_v3/grpo/rollouts/0025_step24_g3.jsonl,0025,0,EXTEND,D,A,0,0.0,0.0
outputs/grpo_v3/grpo/rollouts/0025_step24_g3.jsonl,0025,1,RECOMMEND,D,A,0,0.0,0.0
outputs/grpo_v3/grpo/rollouts/0025_step24_g3.jsonl,0025,2,EXTEND,D,A,0,0.0,0.0
outputs/grpo_v3/grpo/rollouts/0025_step24_g3.jsonl,0025,3,EXTEND,D,A,0,0.0,0.0
outputs/grpo_v3/grpo/rollouts/0025_step24_g3.jsonl,0025,4,EXTEND,D,A,0,0.0,0.0
outputs/grpo_v3/grpo/rollouts/0025_step24_g3.jsonl,0025,5,EXTEND,D,A,0,0.0,0.0
outputs/grpo_v3/grpo/rollouts/0025_step24_g3.jsonl,0025,6,EXTEND,D,B,0,0.0,0.0
outputs/grpo_v3/grpo/rollouts/0025_step24_g3.jsonl,0025,7,EXTEND,D,A,0,0.0,0.0
outputs/grpo_v3/grpo/rollouts/0025_step24_g4.jsonl,0025,0,EXTEND,D,B,0,0.0,0.0
outputs/grpo_v3/grpo/rollouts/0025_step24_g4.jsonl,0025,1,RECOMMEND,D,A,0,0.0,0.0
outputs/grpo_v3/grpo/rollouts/0025_step24_g4.jsonl,0025,2,EXTEND,D,A,0,0.0,0.0
outputs/grpo_v3/grpo/rollouts/0025_step24_g4.jsonl,0025,3,RECOMMEND,D,A,0,0.0,0.0
outputs/grpo_v3/grpo/rollouts/0025_step24_g4.jsonl,0025,4,RECOMMEND,D,A,0,0.0,0.0
outputs/grpo_v3/grpo/rollouts/0025_step24_g4.jsonl,0025,5,RECOMMEND,D,A,0,0.0,0.0
outputs/grpo_v3/grpo/rollouts/0025_step24_g4.jsonl,0025,6,RECOMMEND,D,A,0,0.0,0.0
outputs/grpo_v3/grpo/rollouts/0025_step24_g4.jsonl,0025,7,RECOMMEND,D,A,0,0.0,0.0
outputs/grpo_v3/grpo/rollouts/0025_step24_g5.jsonl,0025,0,EXTEND,D,A,0,0.0,0.0
outputs/grpo_v3/grpo/rollouts/0025_step24_g5.jsonl,0025,1,RECOMMEND,D,A,0,0.0,0.0
outputs/grpo_v3/grpo/rollouts/0025_step24_g5.jsonl,0025,2,RECOMMEND,D,A,0,0.0,0.0
outputs/grpo_v3/grpo/rollouts/0025_step24_g5.jsonl,0025,3,RECOMMEND,D,A,0,0.0,0.0
outputs/grpo_v3/grpo/rollouts/0026_step28_g0.jsonl,0026,0,EXTEND,C,C,1,0.0,0.0
outputs/grpo_v3/grpo/rollouts/0026_step28_g1.jsonl,0026,0,EXTEND,C,C,1,0.0,0.0
outputs/grpo_v3/grpo/rollouts/0026_step28_g2.jsonl,0026,0,EXTEND,C,C,1,0.0,0.0
outputs/grpo_v3/grpo/rollouts/0026_step28_g3.jsonl,0026,0,EXTEND,C,C,1,0.0,0.0
outputs/grpo_v3/grpo/rollouts/0026_step28_g4.jsonl,0026,0,EXTEND,C,C,1,0.0,0.0
outputs/grpo_v3/grpo/rollouts/0026_step28_g5.jsonl,0026,0,EXTEND,C,C,1,0.0,0.0
outputs/grpo_v3/grpo/rollouts/0031_step42_g0.jsonl,0031,0,EXTEND,C,C,1,0.0,0.0
outputs/grpo_v3/grpo/rollouts/0031_step42_g0.jsonl,0031,1,RECOMMEND,C,,,1.0,1.0
outputs/grpo_v3/grpo/rollouts/0031_step42_g0.jsonl,0031,2,EXTEND,C,,,0.0,0.0
outputs/grpo_v3/grpo/rollouts/0031_step42_g0.jsonl,0031,3,EXTEND,C,D,0,0.0,0.0
outputs/grpo_v3/grpo/rollouts/0031_step42_g0.jsonl,0031,4,EXTEND,C,D,0,0.0,0.0
outputs/grpo_v3/grpo/rollouts/0031_step42_g0.jsonl,0031,5,RECOMMEND,C,,,0.0,0.0
outputs/grpo_v3/grpo/rollouts/0031_step42_g0.jsonl,0031,6,RECOMMEND,C,,,0.0,0.0
outputs/grpo_v3/grpo/rollouts/0031_step42_g0.jsonl,0031,7,EXTEND,C,D,0,0.0,0.0
outputs/grpo_v3/grpo/rollouts/0031_step42_g1.jsonl,0031,0,EXTEND,C,D,0,0.0,0.0
outputs/grpo_v3/grpo/rollouts/0031_step42_g1.jsonl,0031,1,EXTEND,C,C,1,0.0,0.0
outputs/grpo_v3/grpo/rollouts/0031_step42_g1.jsonl,0031,2,EXTEND,C,C,1,0.0,0.0
outputs/grpo_v3/grpo/rollouts/0031_step42_g1.jsonl,0031,3,RECOMMEND,C,D,0,0.0,0.0
outputs/grpo_v3/grpo/rollouts/0031_step42_g1.jsonl,0031,4,EXTEND,C,D,0,0.0,0.0
outputs/grpo_v3/grpo/rollouts/0031_step42_g1.jsonl,0031,5,RECOMMEND,C,D,0,0.0,0.0
outputs/grpo_v3/grpo/rollouts/0031_step42_g1.jsonl,0031,6,EXTEND,C,,,0.0,0.0
outputs/grpo_v3/grpo/rollouts/0031_step42_g1.jsonl,0031,7,RECOMMEND,C,C,1,0.0,0.0
outputs/grpo_v3/grpo/rollouts/0031_step42_g2.jsonl,0031,0,EXTEND,C,D,0,0.0,0.0
outputs/grpo_v3/grpo/rollouts/0031_step42_g2.jsonl,0031,1,RECOMMEND,C,C,1,0.0,0.0
outputs/grpo_v3/grpo/rollouts/0031_step42_g2.jsonl,0031,2,RECOMMEND,C,C,1,0.0,0.0
outputs/grpo_v3/grpo/rollouts/0031_step42_g2.jsonl,0031,3,RECOMMEND,C,C,1,0.0,0.0
outputs/grpo_v3/grpo/rollouts/0031_step42_g2.jsonl,0031,4,EXTEND,C,C,1,0.0,0.0
outputs/grpo_v3/grpo/rollouts/0031_step42_g2.jsonl,0031,5,RECOMMEND,C,C,1,0.0,0.0
outputs/grpo_v3/grpo/rollouts/0031_step42_g2.jsonl,0031,6,EXTEND,C,C,1,0.0,0.0
outputs/grpo_v3/grpo/rollouts/0031_step42_g2.jsonl,0031,7,RECOMMEND,C,,,0.0,0.0
outputs/grpo_v3/grpo/rollouts/0031_step42_g3.jsonl,0031,0,EXTEND,C,D,0,0.0,0.0
outputs/grpo_v3/grpo/rollouts/0031_step42_g3.jsonl,0031,1,RECOMMEND,C,C,1,0.0,0.0
outputs/grpo_v3/grpo/rollouts/0031_step42_g3.jsonl,0031,2,EXTEND,C,C,1,0.0,0.0
outputs/grpo_v3/grpo/rollouts/0031_step42_g3.jsonl,0031,3,RECOMMEND,C,C,1,0.0,0.0
outputs/grpo_v3/grpo/rollouts/0031_step42_g3.jsonl,0031,4,EXTEND,C,C,1,0.0,0.0
outputs/grpo_v3/grpo/rollouts/0031_step42_g3.jsonl,0031,5,EXTEND,C,D,0,0.0,0.0
outputs/grpo_v3/grpo/rollouts/0031_step42_g3.jsonl,0031,6,RECOMMEND,C,,,0.0,0.0
outputs/grpo_v3/grpo/rollouts/0031_step42_g3.jsonl,0031,7,EXTEND,C,C,1,0.0,0.0
outputs/grpo_v3/grpo/rollouts/0031_step42_g4.jsonl,0031,0,EXTEND,C,D,0,0.0,0.0
outputs/grpo_v3/grpo/rollouts/0031_step42_g4.jsonl,0031,1,EXTEND,C,,,0.0,0.0
outputs/grpo_v3/grpo/rollouts/0031_step42_g4.jsonl,0031,2,EXTEND,C,C,1,0.0,0.0
outputs/grpo_v3/grpo/rollouts/0031_step42_g4.jsonl,0031,3,EXTEND,C,C,1,0.0,0.0
outputs/grpo_v3/grpo/rollouts/0031_step42_g4.jsonl,0031,4,EXTEND,C,,,0.0,0.0
outputs/grpo_v3/grpo/rollouts/0031_step42_g4.jsonl,0031,5,EXTEND,C,C,1,0.0,0.0
outputs/grpo_v3/grpo/rollouts/0031_step42_g4.jsonl,0031,6,EXTEND,C,C,1,0.0,0.0
outputs/grpo_v3/grpo/rollouts/0031_step42_g4.jsonl,0031,7,RECOMMEND,C,C,1,0.0,0.0
outputs/grpo_v3/grpo/rollouts/0031_step42_g5.jsonl,0031,0,EXTEND,C,,,0.0,0.0
outputs/grpo_v3/grpo/rollouts/0031_step42_g5.jsonl,0031,1,RECOMMEND,C,D,0,0.0,0.0
outputs/grpo_v3/grpo/rollouts/0031_step42_g5.jsonl,0031,2,EXTEND,C,D,0,0.0,0.0
outputs/grpo_v3/grpo/rollouts/0031_step42_g5.jsonl,0031,3,RECOMMEND,C,,,0.0,0.0
outputs/grpo_v3/grpo/rollouts/0031_step42_g5.jsonl,0031,4,EXTEND,C,C,1,0.0,0.0
outputs/grpo_v3/grpo/rollouts/0031_step42_g5.jsonl,0031,5,RECOMMEND,C,,,0.0,0.0
outputs/grpo_v3/grpo/rollouts/0031_step42_g5.jsonl,0031,6,EXTEND,C,,,0.0,0.0
outputs/grpo_v3/grpo/rollouts/0031_step42_g5.jsonl,0031,7,EXTEND,C,D,0,0.0,0.0
outputs/grpo_v3/grpo/rollouts/0032_step36_g0.jsonl,0032,0,EXTEND,C,A,0,0.0,0.0
outputs/grpo_v3/grpo/rollouts/0032_step36_g0.jsonl,0032,1,EXTEND,C,A,0,0.0,0.0
outputs/grpo_v3/grpo/rollouts/0032_step36_g0.jsonl,0032,2,RECOMMEND,C,A,0,0.0,0.0
outputs/grpo_v3/grpo/rollouts/0032_step36_g0.jsonl,0032,3,RECOMMEND,C,,,0.0,0.0
outputs/grpo_v3/grpo/rollouts/0032_step36_g0.jsonl,0032,4,RECOMMEND,C,A,0,0.0,0.0
outputs/grpo_v3/grpo/rollouts/0032_step36_g0.jsonl,0032,5,RECOMMEND,C,,,0.0,0.0
outputs/grpo_v3/grpo/rollouts/0032_step36_g0.jsonl,0032,6,RECOMMEND,C,,,0.0,0.0
outputs/grpo_v3/grpo/rollouts/0032_step36_g1.jsonl,0032,0,EXTEND,C,,,0.0,0.0
outputs/grpo_v3/grpo/rollouts/0032_step36_g1.jsonl,0032,1,EXTEND,C,A,0,0.0,0.0
outputs/grpo_v3/grpo/rollouts/0032_step36_g1.jsonl,0032,2,RECOMMEND,C,A,0,0.0,0.0
outputs/grpo_v3/grpo/rollouts/0032_step36_g1.jsonl,0032,3,EXTEND,C,A,0,0.0,0.0
outputs/grpo_v3/grpo/rollouts/0032_step36_g1.jsonl,0032,4,RECOMMEND,C,A,0,0.0,0.0
outputs/grpo_v3/grpo/rollouts/0032_step36_g1.jsonl,0032,5,RECOMMEND,C,B,0,0.0,0.0
outputs/grpo_v3/grpo/rollouts/0032_step36_g1.jsonl,0032,6,RECOMMEND,C,A,0,0.0,0.0
outputs/grpo_v3/grpo/rollouts/0032_step36_g2.jsonl,0032,0,EXTEND,C,A,0,0.0,0.0
outputs/grpo_v3/grpo/rollouts/0032_step36_g3.jsonl,0032,0,EXTEND,C,A,0,0.0,0.0
outputs/grpo_v3/grpo/rollouts/0032_step36_g4.jsonl,0032,0,EXTEND,C,A,0,0.0,0.0
outputs/grpo_v3/grpo/rollouts/0032_step36_g5.jsonl,0032,0,EXTEND,C,A,0,0.0,0.0
outputs/grpo_v3/grpo/rollouts/0032_step41_g0.jsonl,0032,0,EXTEND,C,,,0.0,0.0
outputs/grpo_v3/grpo/rollouts/0032_step41_g0.jsonl,0032,1,RECOMMEND,C,,,0.0,0.0
outputs/grpo_v3/grpo/rollouts/0032_step41_g1.jsonl,0032,0,EXTEND,C,A,0,0.0,0.0
outputs/grpo_v3/grpo/rollouts/0032_step41_g1.jsonl,0032,1,RECOMMEND,C,,,0.0,0.0
outputs/grpo_v3/grpo/rollouts/0032_step41_g2.jsonl,0032,0,EXTEND,C,,,0.0,0.0
outputs/grpo_v3/grpo/rollouts/0032_step41_g2.jsonl,0032,1,RECOMMEND,C,,,0.0,0.0
outputs/grpo_v3/grpo/rollouts/0032_step41_g2.jsonl,0032,2,RECOMMEND,C,,,0.0,0.0
outputs/grpo_v3/grpo/rollouts/0032_step41_g2.jsonl,0032,3,RECOMMEND,C,D,0,0.0,0.0
outputs/grpo_v3/grpo/rollouts/0032_step41_g2.jsonl,0032,4,RECOMMEND,C,A,0,0.0,0.0
outputs/grpo_v3/grpo/rollouts/0032_step41_g2.jsonl,0032,5,RECOMMEND,C,A,0,0.0,0.0
outputs/grpo_v3/grpo/rollouts/0032_step41_g2.jsonl,0032,6,RECOMMEND,C,B,0,0.0,0.0
outputs/grpo_v3/grpo/rollouts/0032_step41_g3.jsonl,0032,0,EXTEND,C,A,0,0.0,0.0
outputs/grpo_v3/grpo/rollouts/0032_step41_g3.jsonl,0032,1,RECOMMEND,C,A,0,0.0,0.0
outputs/grpo_v3/grpo/rollouts/0032_step41_g3.jsonl,0032,2,RECOMMEND,C,,,0.0,0.0
outputs/grpo_v3/grpo/rollouts/0032_step41_g3.jsonl,0032,3,RECOMMEND,C,B,0,0.0,0.0
outputs/grpo_v3/grpo/rollouts/0032_step41_g3.jsonl,0032,4,RECOMMEND,C,B,0,0.0,0.0
outputs/grpo_v3/grpo/rollouts/0032_step41_g3.jsonl,0032,5,RECOMMEND,C,B,0,0.0,0.0
outputs/grpo_v3/grpo/rollouts/0032_step41_g3.jsonl,0032,6,RECOMMEND,C,B,0,0.0,0.0
outputs/grpo_v3/grpo/rollouts/0032_step41_g4.jsonl,0032,0,EXTEND,C,A,0,0.0,0.0
outputs/grpo_v3/grpo/rollouts/0032_step41_g4.jsonl,0032,1,RECOMMEND,C,A,0,0.0,0.0
outputs/grpo_v3/grpo/rollouts/0032_step41_g4.jsonl,0032,2,RECOMMEND,C,B,0,0.0,0.0
outputs/grpo_v3/grpo/rollouts/0032_step41_g4.jsonl,0032,3,EXTEND,C,B,0,0.0,0.0
outputs/grpo_v3/grpo/rollouts/0032_step41_g4.jsonl,0032,4,EXTEND,C,D,0,0.0,0.0
outputs/grpo_v3/grpo/rollouts/0032_step41_g4.jsonl,0032,5,EXTEND,C,,,0.0,0.0
outputs/grpo_v3/grpo/rollouts/0032_step41_g4.jsonl,0032,6,RECOMMEND,C,,,0.0,0.0
outputs/grpo_v3/grpo/rollouts/0032_step41_g4.jsonl,0032,7,EXTEND,C,A,0,0.0,0.0
outputs/grpo_v3/grpo/rollouts/0032_step41_g5.jsonl,0032,0,EXTEND,C,,,0.0,0.0
outputs/grpo_v3/grpo/rollouts/0032_step41_g5.jsonl,0032,1,EXTEND,C,,,0.0,0.0
outputs/grpo_v3/grpo/rollouts/0032_step41_g5.jsonl,0032,2,RECOMMEND,C,A,0,0.0,0.0
outputs/grpo_v3/grpo/rollouts/0032_step41_g5.jsonl,0032,3,EXTEND,C,A,0,0.0,0.0
outputs/grpo_v3/grpo/rollouts/0032_step41_g5.jsonl,0032,4,RECOMMEND,C,D,0,0.0,0.0
outputs/grpo_v3/grpo/rollouts/0032_step41_g5.jsonl,0032,5,RECOMMEND,C,,,0.0,0.0
outputs/grpo_v3/grpo/rollouts/0032_step41_g5.jsonl,0032,6,EXTEND,C,D,0,0.0,0.0
outputs/grpo_v3/grpo/rollouts/0033_step11_g0.jsonl,0033,0,EXTEND,D,,,0.0,0.0
outputs/grpo_v3/grpo/rollouts/0033_step11_g0.jsonl,0033,1,RECOMMEND,D,D,1,1.0,0.0
outputs/grpo_v3/grpo/rollouts/0033_step11_g0.jsonl,0033,2,RECOMMEND,D,D,1,0.0,0.0
outputs/grpo_v3/grpo/rollouts/0033_step11_g0.jsonl,0033,3,RECOMMEND,D,D,1,0.0,0.0
outputs/grpo_v3/grpo/rollouts/0033_step11_g0.jsonl,0033,4,RECOMMEND,D,D,1,0.0,0.0
outputs/grpo_v3/grpo/rollouts/0033_step11_g0.jsonl,0033,5,RECOMMEND,D,D,1,0.0,0.0
outputs/grpo_v3/grpo/rollouts/0033_step11_g0.jsonl,0033,6,RECOMMEND,D,D,1,0.0,0.0
outputs/grpo_v3/grpo/rollouts/0033_step11_g0.jsonl,0033,7,RECOMMEND,D,D,1,0.0,0.0
outputs/grpo_v3/grpo/rollouts/0033_step11_g1.jsonl,0033,0,EXTEND,D,D,1,0.0,0.0
outputs/grpo_v3/grpo/rollouts/0033_step11_g1.jsonl,0033,1,RECOMMEND,D,D,1,0.0,0.0
outputs/grpo_v3/grpo/rollouts/0033_step11_g1.jsonl,0033,2,RECOMMEND,D,D,1,0.0,0.0
outputs/grpo_v3/grpo/rollouts/0033_step11_g1.jsonl,0033,3,RECOMMEND,D,D,1,0.0,0.0
outputs/grpo_v3/grpo/rollouts/0033_step11_g1.jsonl,0033,4,RECOMMEND,D,D,1,0.0,0.0
outputs/grpo_v3/grpo/rollouts/0033_step11_g1.jsonl,0033,5,RECOMMEND,D,D,1,0.0,0.0
outputs/grpo_v3/grpo/rollouts/0033_step11_g1.jsonl,0033,6,RECOMMEND,D,D,1,0.0,0.0
outputs/grpo_v3/grpo/rollouts/0033_step11_g1.jsonl,0033,7,RECOMMEND,D,D,1,0.0,0.0
outputs/grpo_v3/grpo/rollouts/0033_step11_g2.jsonl,0033,0,EXTEND,D,D,1,0.0,0.0
outputs/grpo_v3/grpo/rollouts/0033_step11_g2.jsonl,0033,1,RECOMMEND,D,,,0.0,0.0
outputs/grpo_v3/grpo/rollouts/0033_step11_g2.jsonl,0033,2,RECOMMEND,D,D,1,0.0,0.0
outputs/grpo_v3/grpo/rollouts/0033_step11_g2.jsonl,0033,3,RECOMMEND,D,D,1,0.0,0.0
outputs/grpo_v3/grpo/rollouts/0033_step11_g2.jsonl,0033,4,EXTEND,D,D,1,0.0,0.0
outputs/grpo_v3/grpo/rollouts/0033_step11_g2.jsonl,0033,5,RECOMMEND,D,D,1,0.0,0.0
outputs/grpo_v3/grpo/rollouts/0033_step11_g2.jsonl,0033,6,RECOMMEND,D,D,1,0.0,0.0
outputs/grpo_v3/grpo/rollouts/0033_step11_g2.jsonl,0033,7,RECOMMEND,D,D,1,0.0,0.0
outputs/grpo_v3/grpo/rollouts/0033_step11_g3.jsonl,0033,0,EXTEND,D,D,1,0.0,0.0
outputs/grpo_v3/grpo/rollouts/0033_step11_g3.jsonl,0033,1,RECOMMEND,D,D,1,1.0,0.0
outputs/grpo_v3/grpo/rollouts/0033_step11_g3.jsonl,0033,2,EXTEND,D,D,1,0.0,0.0
outputs/grpo_v3/grpo/rollouts/0033_step11_g3.jsonl,0033,3,EXTEND,D,D,1,0.0,0.0
outputs/grpo_v3/grpo/rollouts/0033_step11_g3.jsonl,0033,4,RECOMMEND,D,D,1,0.0,0.0
outputs/grpo_v3/grpo/rollouts/0033_step11_g3.jsonl,0033,5,EXTEND,D,D,1,0.0,0.0
outputs/grpo_v3/grpo/rollouts/0033_step11_g3.jsonl,0033,6,RECOMMEND,D,D,1,0.0,0.0
outputs/grpo_v3/grpo/rollouts/0033_step11_g3.jsonl,0033,7,RECOMMEND,D,D,1,0.0,0.0
outputs/grpo_v3/grpo/rollouts/0033_step11_g4.jsonl,0033,0,EXTEND,D,D,1,0.0,0.0
outputs/grpo_v3/grpo/rollouts/0033_step11_g4.jsonl,0033,1,RECOMMEND,D,D,1,0.0,0.0
outputs/grpo_v3/grpo/rollouts/0033_step11_g4.jsonl,0033,2,RECOMMEND,D,D,1,0.0,0.0
outputs/grpo_v3/grpo/rollouts/0033_step11_g4.jsonl,0033,3,EXTEND,D,D,1,0.0,0.0
outputs/grpo_v3/grpo/rollouts/0033_step11_g4.jsonl,0033,4,RECOMMEND,D,D,1,0.0,0.0
outputs/grpo_v3/grpo/rollouts/0033_step11_g4.jsonl,0033,5,EXTEND,D,D,1,0.0,0.0
outputs/grpo_v3/grpo/rollouts/0033_step11_g4.jsonl,0033,6,RECOMMEND,D,D,1,0.0,0.0
outputs/grpo_v3/grpo/rollouts/0033_step11_g4.jsonl,0033,7,RECOMMEND,D,D,1,0.0,0.0
outputs/grpo_v3/grpo/rollouts/0033_step11_g5.jsonl,0033,0,EXTEND,D,D,1,0.0,0.0
outputs/grpo_v3/grpo/rollouts/0033_step11_g5.jsonl,0033,1,RECOMMEND,D,D,1,1.0,0.0
outputs/grpo_v3/grpo/rollouts/0033_step11_g5.jsonl,0033,2,RECOMMEND,D,D,1,1.0,0.0
outputs/grpo_v3/grpo/rollouts/0033_step11_g5.jsonl,0033,3,RECOMMEND,D,D,1,1.0,0.0
outputs/grpo_v3/grpo/rollouts/0033_step11_g5.jsonl,0033,4,RECOMMEND,D,D,1,0.0,0.0
outputs/grpo_v3/grpo/rollouts/0033_step11_g5.jsonl,0033,5,RECOMMEND,D,D,1,1.0,0.0
outputs/grpo_v3/grpo/rollouts/0033_step11_g5.jsonl,0033,6,RECOMMEND,D,D,1,0.0,0.0
outputs/grpo_v3/grpo/rollouts/0033_step11_g5.jsonl,0033,7,RECOMMEND,D,D,1,0.0,0.0
outputs/grpo_v3/grpo/rollouts/0033_step40_g0.jsonl,0033,0,EXTEND,D,D,1,0.0,0.0
outputs/grpo_v3/grpo/rollouts/0033_step40_g0.jsonl,0033,1,RECOMMEND,D,D,1,0.0,0.0
outputs/grpo_v3/grpo/rollouts/0033_step40_g0.jsonl,0033,2,RECOMMEND,D,D,1,0.0,0.0
outputs/grpo_v3/grpo/rollouts/0033_step40_g1.jsonl,0033,0,EXTEND,D,D,1,0.0,0.0
outputs/grpo_v3/grpo/rollouts/0033_step40_g1.jsonl,0033,1,RECOMMEND,D,D,1,0.0,0.0
outputs/grpo_v3/grpo/rollouts/0033_step40_g1.jsonl,0033,2,RECOMMEND,D,D,1,0.0,0.0
outputs/grpo_v3/grpo/rollouts/0033_step40_g2.jsonl,0033,0,EXTEND,D,D,1,0.0,0.0
outputs/grpo_v3/grpo/rollouts/0033_step40_g2.jsonl,0033,1,RECOMMEND,D,D,1,0.0,0.0
outputs/grpo_v3/grpo/rollouts/0033_step40_g2.jsonl,0033,2,RECOMMEND,D,D,1,0.0,0.0
outputs/grpo_v3/grpo/rollouts/0033_step40_g2.jsonl,0033,3,RECOMMEND,D,D,1,0.0,0.0
outputs/grpo_v3/grpo/rollouts/0033_step40_g3.jsonl,0033,0,EXTEND,D,D,1,0.0,0.0
outputs/grpo_v3/grpo/rollouts/0033_step40_g3.jsonl,0033,1,EXTEND,D,D,1,0.0,0.0
outputs/grpo_v3/grpo/rollouts/0033_step40_g3.jsonl,0033,2,EXTEND,D,D,1,0.0,0.0
outputs/grpo_v3/grpo/rollouts/0033_step40_g3.jsonl,0033,3,RECOMMEND,D,D,1,1.0,0.0
outputs/grpo_v3/grpo/rollouts/0033_step40_g4.jsonl,0033,0,EXTEND,D,D,1,0.0,0.0
outputs/grpo_v3/grpo/rollouts/0033_step40_g4.jsonl,0033,1,EXTEND,D,,,0.0,0.0
outputs/grpo_v3/grpo/rollouts/0033_step40_g4.jsonl,0033,2,EXTEND,D,,,0.0,0.0
outputs/grpo_v3/grpo/rollouts/0033_step40_g4.jsonl,0033,3,EXTEND,D,,,0.0,0.0
outputs/grpo_v3/grpo/rollouts/0033_step40_g4.jsonl,0033,4,EXTEND,D,D,1,0.0,0.0
outputs/grpo_v3/grpo/rollouts/0033_step40_g4.jsonl,0033,5,RECOMMEND,D,,,0.0,0.0
outputs/grpo_v3/grpo/rollouts/0033_step40_g4.jsonl,0033,6,EXTEND,D,,,0.0,0.0
outputs/grpo_v3/grpo/rollouts/0033_step40_g4.jsonl,0033,7,EXTEND,D,,,0.0,0.0
outputs/grpo_v3/grpo/rollouts/0033_step40_g5.jsonl,0033,0,EXTEND,D,D,1,0.0,0.0
outputs/grpo_v3/grpo/rollouts/0033_step40_g5.jsonl,0033,1,RECOMMEND,D,D,1,0.0,0.0
outputs/grpo_v3/grpo/rollouts/0033_step40_g5.jsonl,0033,2,RECOMMEND,D,D,1,0.0,0.0
outputs/grpo_v3/grpo/rollouts/1042_step59_g0.jsonl,1042,0,EXTEND,A,A,1,0.0,0.0
outputs/grpo_v3/grpo/rollouts/1042_step59_g0.jsonl,1042,1,RECOMMEND,A,,,0.0,0.0
outputs/grpo_v3/grpo/rollouts/1042_step59_g0.jsonl,1042,2,RECOMMEND,A,,,0.0,0.0
outputs/grpo_v3/grpo/rollouts/1042_step59_g0.jsonl,1042,3,EXTEND,A,,,0.0,0.0
outputs/grpo_v3/grpo/rollouts/1042_step59_g0.jsonl,1042,4,EXTEND,A,,,0.0,0.0
outputs/grpo_v3/grpo/rollouts/1042_step59_g0.jsonl,1042,5,RECOMMEND,A,,,0.0,0.0
outputs/grpo_v3/grpo/rollouts/1042_step59_g0.jsonl,1042,6,RECOMMEND,A,A,1,0.0,0.0
outputs/grpo_v3/grpo/rollouts/1042_step59_g1.jsonl,1042,0,EXTEND,A,,,0.0,0.0
outputs/grpo_v3/grpo/rollouts/1042_step59_g1.jsonl,1042,1,EXTEND,A,A,1,0.0,0.0
outputs/grpo_v3/grpo/rollouts/1042_step59_g1.jsonl,1042,2,EXTEND,A,B,0,0.0,0.0
outputs/grpo_v3/grpo/rollouts/1042_step59_g1.jsonl,1042,3,EXTEND,A,B,0,0.0,0.0
outputs/grpo_v3/grpo/rollouts/1042_step59_g1.jsonl,1042,4,EXTEND,A,A,1,0.0,0.0
outputs/grpo_v3/grpo/rollouts/1042_step59_g1.jsonl,1042,5,EXTEND,A,A,1,0.0,0.0
outputs/grpo_v3/grpo/rollouts/1042_step59_g1.jsonl,1042,6,RECOMMEND,A,A,1,0.0,0.0
outputs/grpo_v3/grpo/rollouts/1042_step59_g1.jsonl,1042,7,EXTEND,A,A,1,0.0,0.0
outputs/grpo_v3/grpo/rollouts/1042_step59_g2.jsonl,1042,0,EXTEND,A,B,0,0.0,0.0
outputs/grpo_v3/grpo/rollouts/1042_step59_g2.jsonl,1042,1,EXTEND,A,B,0,0.0,0.0
outputs/grpo_v3/grpo/rollouts/1042_step59_g2.jsonl,1042,2,RECOMMEND,A,B,0,0.0,0.0
outputs/grpo_v3/grpo/rollouts/1042_step59_g2.jsonl,1042,3,RECOMMEND,A,A,1,0.0,0.0
outputs/grpo_v3/grpo/rollouts/1042_step59_g2.jsonl,1042,4,RECOMMEND,A,A,1,1.0,0.0
outputs/grpo_v3/grpo/rollouts/1042_step59_g2.jsonl,1042,5,RECOMMEND,A,A,1,0.0,0.0
outputs/grpo_v3/grpo/rollouts/1042_step59_g2.jsonl,1042,6,RECOMMEND,A,A,1,0.0,0.0
outputs/grpo_v3/grpo/rollouts/1042_step59_g2.jsonl,1042,7,EXTEND,A,A,1,0.0,0.0
outputs/grpo_v3/grpo/rollouts/1042_step59_g3.jsonl,1042,0,EXTEND,A,B,0,0.0,0.0
outputs/grpo_v3/grpo/rollouts/1042_step59_g3.jsonl,1042,1,RECOMMEND,A,B,0,0.0,0.0
outputs/grpo_v3/grpo/rollouts/1042_step59_g4.jsonl,1042,0,EXTEND,A,A,1,0.0,0.0
outputs/grpo_v3/grpo/rollouts/1042_step59_g4.jsonl,1042,1,RECOMMEND,A,B,0,0.0,0.0
outputs/grpo_v3/grpo/rollouts/1042_step59_g4.jsonl,1042,2,RECOMMEND,A,,,0.0,0.0
outputs/grpo_v3/grpo/rollouts/1042_step59_g4.jsonl,1042,3,RECOMMEND,A,B,0,0.0,0.0
outputs/grpo_v3/grpo/rollouts/1042_step59_g4.jsonl,1042,4,EXTEND,A,,,0.0,0.0
outputs/grpo_v3/grpo/rollouts/1042_step59_g4.jsonl,1042,5,RECOMMEND,A,B,0,0.0,0.0
outputs/grpo_v3/grpo/rollouts/1042_step59_g4.jsonl,1042,6,EXTEND,A,B,0,0.0,0.0
outputs/grpo_v3/grpo/rollouts/1042_step59_g5.jsonl,1042,0,EXTEND,A,A,1,0.0,0.0
outputs/grpo_v3/grpo/rollouts/1042_step59_g5.jsonl,1042,1,RECOMMEND,A,A,1,0.0,0.0
outputs/grpo_v3/grpo/rollouts/1050_step15_g0.jsonl,1050,0,EXTEND,C,C,1,0.0,0.0
outputs/grpo_v3/grpo/rollouts/1050_step15_g0.jsonl,1050,1,EXTEND,C,C,1,0.0,0.0
outputs/grpo_v3/grpo/rollouts/1050_step15_g0.jsonl,1050,2,EXTEND,C,,,0.0,0.0
outputs/grpo_v3/grpo/rollouts/1050_step15_g1.jsonl,1050,0,EXTEND,C,C,1,0.0,0.0
outputs/grpo_v3/grpo/rollouts/1050_step15_g1.jsonl,1050,1,RECOMMEND,C,,,0.0,0.0
outputs/grpo_v3/grpo/rollouts/1050_step15_g1.jsonl,1050,2,RECOMMEND,C,C,1,0.0,0.0
outputs/grpo_v3/grpo/rollouts/1050_step15_g2.jsonl,1050,0,EXTEND,C,C,1,0.0,0.0
outputs/grpo_v3/grpo/rollouts/1050_step15_g2.jsonl,1050,1,EXTEND,C,C,1,0.0,0.0
outputs/grpo_v3/grpo/rollouts/1050_step15_g2.jsonl,1050,2,RECOMMEND,C,C,1,0.0,0.0
outputs/grpo_v3/grpo/rollouts/1050_step15_g2.jsonl,1050,3,RECOMMEND,C,C,1,0.0,0.0
outputs/grpo_v3/grpo/rollouts/1050_step15_g2.jsonl,1050,4,RECOMMEND,C,C,1,0.0,0.0
outputs/grpo_v3/grpo/rollouts/1050_step15_g3.jsonl,1050,0,EXTEND,C,C,1,0.0,0.0
outputs/grpo_v3/grpo/rollouts/1050_step15_g3.jsonl,1050,1,EXTEND,C,C,1,0.0,0.0
outputs/grpo_v3/grpo/rollouts/1050_step15_g3.jsonl,1050,2,RECOMMEND,C,C,1,0.0,0.0
outputs/grpo_v3/grpo/rollouts/1050_step15_g4.jsonl,1050,0,EXTEND,C,C,1,0.0,0.0
outputs/grpo_v3/grpo/rollouts/1050_step15_g4.jsonl,1050,1,EXTEND,C,,,0.0,0.0
outputs/grpo_v3/grpo/rollouts/1050_step15_g4.jsonl,1050,2,RECOMMEND,C,C,1,0.0,0.0
outputs/grpo_v3/grpo/rollouts/1050_step15_g5.jsonl,1050,0,EXTEND,C,C,1,0.0,0.0
outputs/grpo_v3/grpo/rollouts/1050_step15_g5.jsonl,1050,1,RECOMMEND,C,C,1,0.0,0.0
outputs/grpo_v3/grpo/rollouts/1072_step16_g0.jsonl,1072,0,EXTEND,C,A,0,0.0,0.0
outputs/grpo_v3/grpo/rollouts/1072_step16_g1.jsonl,1072,0,EXTEND,C,A,0,0.0,0.0
outputs/grpo_v3/grpo/rollouts/1072_step16_g2.jsonl,1072,0,EXTEND,C,A,0,0.0,0.0
outputs/grpo_v3/grpo/rollouts/1072_step16_g3.jsonl,1072,0,EXTEND,C,A,0,0.0,0.0
outputs/grpo_v3/grpo/rollouts/1072_step16_g3.jsonl,1072,1,EXTEND,C,A,0,0.0,0.0
outputs/grpo_v3/grpo/rollouts/1072_step16_g4.jsonl,1072,0,EXTEND,C,A,0,0.0,0.0
outputs/grpo_v3/grpo/rollouts/1072_step16_g5.jsonl,1072,0,EXTEND,C,A,0,0.0,0.0
outputs/grpo_v3/grpo/rollouts/1072_step26_g0.jsonl,1072,0,EXTEND,C,A,0,0.0,0.0
outputs/grpo_v3/grpo/rollouts/1072_step26_g0.jsonl,1072,1,EXTEND,C,A,0,0.0,0.0
outputs/grpo_v3/grpo/rollouts/1072_step26_g0.jsonl,1072,2,RECOMMEND,C,A,0,0.0,0.0
outputs/grpo_v3/grpo/rollouts/1072_step26_g0.jsonl,1072,3,EXTEND,C,A,0,0.0,0.0
outputs/grpo_v3/grpo/rollouts/1072_step26_g0.jsonl,1072,4,RECOMMEND,C,A,0,0.0,0.0
outputs/grpo_v3/grpo/rollouts/1072_step26_g0.jsonl,1072,5,EXTEND,C,A,0,0.0,0.0
outputs/grpo_v3/grpo/rollouts/1072_step26_g0.jsonl,1072,6,RECOMMEND,C,A,0,0.0,0.0
outputs/grpo_v3/grpo/rollouts/1072_step26_g0.jsonl,1072,7,RECOMMEND,C,A,0,0.0,0.0
outputs/grpo_v3/grpo/rollouts/1072_step26_g1.jsonl,1072,0,EXTEND,C,A,0,0.0,0.0
outputs/grpo_v3/grpo/rollouts/1072_step26_g1.jsonl,1072,1,RECOMMEND,C,A,0,0.0,0.0
outputs/grpo_v3/grpo/rollouts/1072_step26_g1.jsonl,1072,2,RECOMMEND,C,A,0,0.0,0.0
outputs/grpo_v3/grpo/rollouts/1072_step26_g2.jsonl,1072,0,EXTEND,C,A,0,0.0,0.0
outputs/grpo_v3/grpo/rollouts/1072_step26_g2.jsonl,1072,1,EXTEND,C,B,0,0.0,0.0
outputs/grpo_v3/grpo/rollouts/1072_step26_g2.jsonl,1072,2,RECOMMEND,C,B,0,0.0,0.0
outputs/grpo_v3/grpo/rollouts/1072_step26_g2.jsonl,1072,3,EXTEND,C,B,0,0.0,0.0
outputs/grpo_v3/grpo/rollouts/1072_step26_g2.jsonl,1072,4,EXTEND,C,B,0,0.0,0.0
outputs/grpo_v3/grpo/rollouts/1072_step26_g3.jsonl,1072,0,EXTEND,C,A,0,0.0,0.0
outputs/grpo_v3/grpo/rollouts/1072_step26_g3.jsonl,1072,1,EXTEND,C,A,0,0.0,0.0
outputs/grpo_v3/grpo/rollouts/1072_step26_g3.jsonl,1072,2,RECOMMEND,C,A,0,0.0,0.0
outputs/grpo_v3/grpo/rollouts/1072_step26_g4.jsonl,1072,0,EXTEND,C,A,0,0.0,0.0
outputs/grpo_v3/grpo/rollouts/1072_step26_g4.jsonl,1072,1,EXTEND,C,,,0.0,0.0
outputs/grpo_v3/grpo/rollouts/1072_step26_g4.jsonl,1072,2,EXTEND,C,A,0,0.0,0.0
outputs/grpo_v3/grpo/rollouts/1072_step26_g4.jsonl,1072,3,RECOMMEND,C,A,0,0.0,0.0
outputs/grpo_v3/grpo/rollouts/1072_step26_g5.jsonl,1072,0,EXTEND,C,A,0,0.0,0.0
outputs/grpo_v3/grpo/rollouts/1072_step26_g5.jsonl,1072,1,EXTEND,C,A,0,0.0,0.0
outputs/grpo_v3/grpo/rollouts/1072_step26_g5.jsonl,1072,2,EXTEND,C,A,0,0.0,0.0
outputs/grpo_v3/grpo/rollouts/1072_step26_g5.jsonl,1072,3,EXTEND,C,A,0,0.0,0.0
outputs/grpo_v3/grpo/rollouts/1072_step26_g5.jsonl,1072,4,RECOMMEND,C,A,0,0.0,0.0
outputs/grpo_v3/grpo/rollouts/1072_step9_g0.jsonl,1072,0,EXTEND,C,A,0,0.0,0.0
outputs/grpo_v3/grpo/rollouts/1072_step9_g0.jsonl,1072,1,RECOMMEND,C,A,0,0.0,0.0
outputs/grpo_v3/grpo/rollouts/1072_step9_g0.jsonl,1072,2,RECOMMEND,C,A,0,0.0,0.0
outputs/grpo_v3/grpo/rollouts/1072_step9_g0.jsonl,1072,3,RECOMMEND,C,A,0,0.0,0.0
outputs/grpo_v3/grpo/rollouts/1072_step9_g0.jsonl,1072,4,RECOMMEND,C,A,0,0.0,0.0
outputs/grpo_v3/grpo/rollouts/1072_step9_g0.jsonl,1072,5,EXTEND,C,A,0,0.0,0.0
outputs/grpo_v3/grpo/rollouts/1072_step9_g0.jsonl,1072,6,EXTEND,C,A,0,0.0,0.0
outputs/grpo_v3/grpo/rollouts/1072_step9_g0.jsonl,1072,7,EXTEND,C,A,0,0.0,0.0
outputs/grpo_v3/grpo/rollouts/1072_step9_g1.jsonl,1072,0,EXTEND,C,A,0,0.0,0.0
outputs/grpo_v3/grpo/rollouts/1072_step9_g1.jsonl,1072,1,RECOMMEND,C,A,0,0.0,0.0
outputs/grpo_v3/grpo/rollouts/1072_step9_g1.jsonl,1072,2,RECOMMEND,C,A,0,0.0,0.0
outputs/grpo_v3/grpo/rollouts/1072_step9_g1.jsonl,1072,3,RECOMMEND,C,,,0.0,0.0
outputs/grpo_v3/grpo/rollouts/1072_step9_g1.jsonl,1072,4,EXTEND,C,A,0,0.0,0.0
outputs/grpo_v3/grpo/rollouts/1072_step9_g1.jsonl,1072,5,EXTEND,C,A,0,0.0,0.0
outputs/grpo_v3/grpo/rollouts/1072_step9_g1.jsonl,1072,6,RECOMMEND,C,A,0,0.0,0.0
outputs/grpo_v3/grpo/rollouts/1072_step9_g1.jsonl,1072,7,EXTEND,C,A,0,0.0,0.0
outputs/grpo_v3/grpo/rollouts/1072_step9_g2.jsonl,1072,0,EXTEND,C,A,0,0.0,0.0
outputs/grpo_v3/grpo/rollouts/1072_step9_g2.jsonl,1072,1,RECOMMEND,C,A,0,0.0,0.0
outputs/grpo_v3/grpo/rollouts/1072_step9_g2.jsonl,1072,2,EXTEND,C,A,0,0.0,0.0
outputs/grpo_v3/grpo/rollouts/1072_step9_g2.jsonl,1072,3,RECOMMEND,C,A,0,0.0,0.0
outputs/grpo_v3/grpo/rollouts/1072_step9_g2.jsonl,1072,4,EXTEND,C,A,0,0.0,0.0
outputs/grpo_v3/grpo/rollouts/1072_step9_g2.jsonl,1072,5,RECOMMEND,C,,,0.0,0.0
outputs/grpo_v3/grpo/rollouts/1072_step9_g2.jsonl,1072,6,EXTEND,C,A,0,0.0,0.0
outputs/grpo_v3/grpo/rollouts/1072_step9_g2.jsonl,1072,7,RECOMMEND,C,A,0,0.0,0.0
outputs/grpo_v3/grpo/rollouts/1072_step9_g3.jsonl,1072,0,EXTEND,C,A,0,0.0,0.0
outputs/grpo_v3/grpo/rollouts/1072_step9_g3.jsonl,1072,1,EXTEND,C,A,0,0.0,0.0
outputs/grpo_v3/grpo/rollouts/1072_step9_g3.jsonl,1072,2,RECOMMEND,C,A,0,0.0,0.0
outputs/grpo_v3/grpo/rollouts/1072_step9_g3.jsonl,1072,3,RECOMMEND,C,A,0,0.0,0.0
outputs/grpo_v3/grpo/rollouts/1072_step9_g3.jsonl,1072,4,EXTEND,C,A,0,0.0,0.0
outputs/grpo_v3/grpo/rollouts/1072_step9_g3.jsonl,1072,5,RECOMMEND,C,A,0,0.0,0.0
outputs/grpo_v3/grpo/rollouts/1072_step9_g3.jsonl,1072,6,RECOMMEND,C,A,0,0.0,0.0
outputs/grpo_v3/grpo/rollouts/1072_step9_g3.jsonl,1072,7,RECOMMEND,C,A,0,0.0,0.0
outputs/grpo_v3/grpo/rollouts/1072_step9_g4.jsonl,1072,0,EXTEND,C,A,0,0.0,0.0
outputs/grpo_v3/grpo/rollouts/1072_step9_g4.jsonl,1072,1,EXTEND,C,A,0,0.0,0.0
outputs/grpo_v3/grpo/rollouts/1072_step9_g4.jsonl,1072,2,EXTEND,C,A,0,0.0,0.0
outputs/grpo_v3/grpo/rollouts/1072_step9_g4.jsonl,1072,3,EXTEND,C,C,1,0.0,0.0
outputs/grpo_v3/grpo/rollouts/1072_step9_g4.jsonl,1072,4,EXTEND,C,,,0.0,0.0
outputs/grpo_v3/grpo/rollouts/1072_step9_g4.jsonl,1072,5,EXTEND,C,A,0,0.0,0.0
outputs/grpo_v3/grpo/rollouts/1072_step9_g4.jsonl,1072,6,RECOMMEND,C,,,0.0,0.0
outputs/grpo_v3/grpo/rollouts/1072_step9_g4.jsonl,1072,7,EXTEND,C,,,0.0,0.0
outputs/grpo_v3/grpo/rollouts/1072_step9_g5.jsonl,1072,0,EXTEND,C,B,0,0.0,0.0
outputs/grpo_v3/grpo/rollouts/1072_step9_g5.jsonl,1072,1,RECOMMEND,C,B,0,0.0,0.0
outputs/grpo_v3/grpo/rollouts/1072_step9_g5.jsonl,1072,2,RECOMMEND,C,B,0,0.0,0.0
outputs/grpo_v3/grpo/rollouts/1072_step9_g5.jsonl,1072,3,RECOMMEND,C,B,0,0.0,0.0
outputs/grpo_v3/grpo/rollouts/1072_step9_g5.jsonl,1072,4,RECOMMEND,C,B,0,0.0,0.0
outputs/grpo_v3/grpo/rollouts/1072_step9_g5.jsonl,1072,5,RECOMMEND,C,B,0,0.0,0.0
outputs/grpo_v3/grpo/rollouts/1072_step9_g5.jsonl,1072,6,RECOMMEND,C,B,0,0.0,0.0
outputs/grpo_v3/grpo/rollouts/1086_step10_g0.jsonl,1086,0,EXTEND,A,D,0,0.0,0.0
outputs/grpo_v3/grpo/rollouts/1086_step10_g0.jsonl,1086,1,RECOMMEND,A,D,0,0.0,0.0
outputs/grpo_v3/grpo/rollouts/1086_step10_g0.jsonl,1086,2,EXTEND,A,D,0,0.0,0.0
outputs/grpo_v3/grpo/rollouts/1086_step10_g0.jsonl,1086,3,RECOMMEND,A,,,0.0,0.0
outputs/grpo_v3/grpo/rollouts/1086_step10_g0.jsonl,1086,4,RECOMMEND,A,D,0,0.0,0.0
outputs/grpo_v3/grpo/rollouts/1086_step10_g0.jsonl,1086,5,RECOMMEND,A,D,0,0.0,0.0
outputs/grpo_v3/grpo/rollouts/1086_step10_g0.jsonl,1086,6,RECOMMEND,A,D,0,0.0,0.0
outputs/grpo_v3/grpo/rollouts/1086_step10_g0.jsonl,1086,7,RECOMMEND,A,D,0,0.0,0.0
outputs/grpo_v3/grpo/rollouts/1086_step10_g1.jsonl,1086,0,EXTEND,A,D,0,0.0,0.0
outputs/grpo_v3/grpo/rollouts/1086_step10_g1.jsonl,1086,1,RECOMMEND,A,D,0,0.0,0.0
outputs/grpo_v3/grpo/rollouts/1086_step10_g1.jsonl,1086,2,RECOMMEND,A,D,0,0.0,0.0
outputs/grpo_v3/grpo/rollouts/1086_step10_g1.jsonl,1086,3,RECOMMEND,A,D,0,0.0,0.0
outputs/grpo_v3/grpo/rollouts/1086_step10_g1.jsonl,1086,4,EXTEND,A,D,0,0.0,0.0
outputs/grpo_v3/grpo/rollouts/1086_step10_g1.jsonl,1086,5,EXTEND,A,D,0,0.0,0.0
outputs/grpo_v3/grpo/rollouts/1086_step10_g1.jsonl,1086,6,RECOMMEND,A,D,0,0.0,0.0
outputs/grpo_v3/grpo/rollouts/1086_step10_g1.jsonl,1086,7,EXTEND,A,D,0,0.0,0.0
outputs/grpo_v3/grpo/rollouts/1086_step10_g2.jsonl,1086,0,EXTEND,A,D,0,0.0,0.0
outputs/grpo_v3/grpo/rollouts/1086_step10_g2.jsonl,1086,1,EXTEND,A,D,0,0.0,0.0
outputs/grpo_v3/grpo/rollouts/1086_step10_g2.jsonl,1086,2,EXTEND,A,D,0,0.0,0.0
outputs/grpo_v3/grpo/rollouts/1086_step10_g2.jsonl,1086,3,EXTEND,A,,,0.0,0.0
outputs/grpo_v3/grpo/rollouts/1086_step10_g2.jsonl,1086,4,RECOMMEND,A,D,0,0.0,0.0
outputs/grpo_v3/grpo/rollouts/1086_step10_g2.jsonl,1086,5,RECOMMEND,A,D,0,0.0,0.0
outputs/grpo_v3/grpo/rollouts/1086_step10_g2.jsonl,1086,6,EXTEND,A,,,0.0,0.0
outputs/grpo_v3/grpo/rollouts/1086_step10_g2.jsonl,1086,7,EXTEND,A,,,0.0,0.0
outputs/grpo_v3/grpo/rollouts/1086_step10_g3.jsonl,1086,0,EXTEND,A,D,0,0.0,0.0
outputs/grpo_v3/grpo/rollouts/1086_step10_g3.jsonl,1086,1,EXTEND,A,,,0.0,0.0
outputs/grpo_v3/grpo/rollouts/1086_step10_g3.jsonl,1086,2,RECOMMEND,A,D,0,0.0,0.0
outputs/grpo_v3/grpo/rollouts/1086_step10_g3.jsonl,1086,3,RECOMMEND,A,D,0,0.0,0.0
outputs/grpo_v3/grpo/rollouts/1086_step10_g3.jsonl,1086,4,RECOMMEND,A,D,0,0.0,0.0
outputs/grpo_v3/grpo/rollouts/1086_step10_g3.jsonl,1086,5,RECOMMEND,A,D,0,0.0,0.0
outputs/grpo_v3/grpo/rollouts/1086_step10_g3.jsonl,1086,6,EXTEND,A,D,0,0.0,0.0
outputs/grpo_v3/grpo/rollouts/1086_step10_g4.jsonl,1086,0,EXTEND,A,,,0.0,0.0
outputs/grpo_v3/grpo/rollouts/1086_step10_g4.jsonl,1086,1,RECOMMEND,A,D,0,0.0,0.0
outputs/grpo_v3/grpo/rollouts/1086_step10_g4.jsonl,1086,2,RECOMMEND,A,,,0.0,0.0
outputs/grpo_v3/grpo/rollouts/1086_step10_g4.jsonl,1086,3,RECOMMEND,A,,,0.0,0.0
outputs/grpo_v3/grpo/rollouts/1086_step10_g4.jsonl,1086,4,RECOMMEND,A,,,0.0,0.0
outputs/grpo_v3/grpo/rollouts/1086_step10_g4.jsonl,1086,5,RECOMMEND,A,,,0.0,0.0
outputs/grpo_v3/grpo/rollouts/1086_step10_g4.jsonl,1086,6,RECOMMEND,A,,,0.0,0.0
outputs/grpo_v3/grpo/rollouts/1086_step10_g5.jsonl,1086,0,EXTEND,A,D,0,0.0,0.0
outputs/grpo_v3/grpo/rollouts/1086_step10_g5.jsonl,1086,1,EXTEND,A,,,0.0,0.0
outputs/grpo_v3/grpo/rollouts/1086_step10_g5.jsonl,1086,2,RECOMMEND,A,,,0.0,0.0
outputs/grpo_v3/grpo/rollouts/1086_step10_g5.jsonl,1086,3,RECOMMEND,A,D,0,0.0,0.0
outputs/grpo_v3/grpo/rollouts/1086_step10_g5.jsonl,1086,4,RECOMMEND,A,,,0.0,0.0
outputs/grpo_v3/grpo/rollouts/1086_step10_g5.jsonl,1086,5,EXTEND,A,D,0,0.0,0.0
outputs/grpo_v3/grpo/rollouts/1086_step10_g5.jsonl,1086,6,RECOMMEND,A,D,0,0.0,0.0
outputs/grpo_v3/grpo/rollouts/1086_step10_g5.jsonl,1086,7,EXTEND,A,D,0,0.0,0.0
outputs/grpo_v3/grpo/rollouts/1098_step12_g0.jsonl,1098,0,EXTEND,D,D,1,0.0,0.0
outputs/grpo_v3/grpo/rollouts/1098_step12_g0.jsonl,1098,1,RECOMMEND,D,D,1,0.0,0.0
outputs/grpo_v3/grpo/rollouts/1098_step12_g0.jsonl,1098,2,RECOMMEND,D,D,1,0.0,0.0
outputs/grpo_v3/grpo/rollouts/1098_step12_g0.jsonl,1098,3,EXTEND,D,D,1,0.0,0.0
outputs/grpo_v3/grpo/rollouts/1098_step12_g0.jsonl,1098,4,RECOMMEND,D,D,1,0.0,0.0
outputs/grpo_v3/grpo/rollouts/1098_step12_g0.jsonl,1098,5,EXTEND,D,D,1,0.0,0.0
outputs/grpo_v3/grpo/rollouts/1098_step12_g0.jsonl,1098,6,RECOMMEND,D,D,1,0.0,0.0
outputs/grpo_v3/grpo/rollouts/1098_step12_g0.jsonl,1098,7,RECOMMEND,D,D,1,0.0,0.0
outputs/grpo_v3/grpo/rollouts/1098_step12_g1.jsonl,1098,0,EXTEND,D,D,1,0.0,0.0
outputs/grpo_v3/grpo/rollouts/1098_step12_g1.jsonl,1098,1,EXTEND,D,,,0.0,0.0
outputs/grpo_v3/grpo/rollouts/1098_step12_g1.jsonl,1098,2,RECOMMEND,D,D,1,0.0,0.0
outputs/grpo_v3/grpo/rollouts/1098_step12_g1.jsonl,1098,3,EXTEND,D,D,1,0.0,0.0
outputs/grpo_v3/grpo/rollouts/1098_step12_g1.jsonl,1098,4,EXTEND,D,D,1,0.0,0.0
outputs/grpo_v3/grpo/rollouts/1098_step12_g1.jsonl,1098,5,RECOMMEND,D,D,1,0.0,0.0
outputs/grpo_v3/grpo/rollouts/1098_step12_g1.jsonl,1098,6,RECOMMEND,D,D,1,0.0,0.0
outputs/grpo_v3/grpo/rollouts/1098_step12_g1.jsonl,1098,7,EXTEND,D,D,1,0.0,0.0
outputs/grpo_v3/grpo/rollouts/1098_step12_g2.jsonl,1098,0,EXTEND,D,D,1,0.0,0.0
outputs/grpo_v3/grpo/rollouts/1098_step12_g2.jsonl,1098,1,RECOMMEND,D,D,1,0.0,0.0
outputs/grpo_v3/grpo/rollouts/1098_step12_g2.jsonl,1098,2,EXTEND,D,D,1,0.0,0.0
outputs/grpo_v3/grpo/rollouts/1098_step12_g2.jsonl,1098,3,RECOMMEND,D,D,1,0.0,0.0
outputs/grpo_v3/grpo/rollouts/1098_step12_g2.jsonl,1098,4,EXTEND,D,D,1,0.0,0.0
outputs/grpo_v3/grpo/rollouts/1098_step12_g2.jsonl,1098,5,EXTEND,D,D,1,0.0,0.0
outputs/grpo_v3/grpo/rollouts/1098_step12_g2.jsonl,1098,6,EXTEND,D,D,1,0.0,0.0
outputs/grpo_v3/grpo/rollouts/1098_step12_g2.jsonl,1098,7,RECOMMEND,D,D,1,0.0,0.0
outputs/grpo_v3/grpo/rollouts/1098_step12_g3.jsonl,1098,0,EXTEND,D,D,1,0.0,0.0
outputs/grpo_v3/grpo/rollouts/1098_step12_g3.jsonl,1098,1,RECOMMEND,D,D,1,0.0,0.0
outputs/grpo_v3/grpo/rollouts/1098_step12_g3.jsonl,1098,2,EXTEND,D,D,1,0.0,0.0
outputs/grpo_v3/grpo/rollouts/1098_step12_g3.jsonl,1098,3,RECOMMEND,D,D,1,0.0,0.0
outputs/grpo_v3/grpo/rollouts/1098_step12_g3.jsonl,1098,4,RECOMMEND,D,D,1,0.0,0.0
outputs/grpo_v3/grpo/rollouts/1098_step12_g3.jsonl,1098,5,RECOMMEND,D,D,1,0.0,0.0
outputs/grpo_v3/grpo/rollouts/1098_step12_g3.jsonl,1098,6,EXTEND,D,D,1,0.0,0.0
outputs/grpo_v3/grpo/rollouts/1098_step12_g3.jsonl,1098,7,EXTEND,D,,,0.0,0.0
outputs/grpo_v3/grpo/rollouts/1098_step12_g4.jsonl,1098,0,EXTEND,D,D,1,0.0,0.0
outputs/grpo_v3/grpo/rollouts/1098_step12_g4.jsonl,1098,1,RECOMMEND,D,D,1,0.0,0.0
outputs/grpo_v3/grpo/rollouts/1098_step12_g4.jsonl,1098,2,RECOMMEND,D,D,1,0.0,0.0
outputs/grpo_v3/grpo/rollouts/1098_step12_g4.jsonl,1098,3,EXTEND,D,D,1,0.0,0.0
outputs/grpo_v3/grpo/rollouts/1098_step12_g4.jsonl,1098,4,EXTEND,D,D,1,0.0,0.0
outputs/grpo_v3/grpo/rollouts/1098_step12_g4.jsonl,1098,5,RECOMMEND,D,D,1,0.0,0.0
outputs/grpo_v3/grpo/rollouts/1098_step12_g4.jsonl,1098,6,RECOMMEND,D,D,1,0.0,0.0
outputs/grpo_v3/grpo/rollouts/1098_step12_g4.jsonl,1098,7,EXTEND,D,D,1,0.0,0.0
outputs/grpo_v3/grpo/rollouts/1098_step12_g5.jsonl,1098,0,EXTEND,D,D,1,0.0,0.0
outputs/grpo_v3/grpo/rollouts/1098_step12_g5.jsonl,1098,1,RECOMMEND,D,D,1,0.0,0.0
outputs/grpo_v3/grpo/rollouts/1098_step12_g5.jsonl,1098,2,RECOMMEND,D,D,1,0.0,0.0
outputs/grpo_v3/grpo/rollouts/1098_step12_g5.jsonl,1098,3,RECOMMEND,D,D,1,0.0,0.0
outputs/grpo_v3/grpo/rollouts/1098_step12_g5.jsonl,1098,4,RECOMMEND,D,D,1,0.0,0.0
outputs/grpo_v3/grpo/rollouts/1098_step12_g5.jsonl,1098,5,RECOMMEND,D,D,1,0.0,0.0
outputs/grpo_v3/grpo/rollouts/1098_step12_g5.jsonl,1098,6,RECOMMEND,D,D,1,0.0,0.0
outputs/grpo_v3/grpo/rollouts/1098_step12_g5.jsonl,1098,7,RECOMMEND,D,D,1,0.0,0.0
outputs/grpo_v3/grpo/rollouts/1098_step17_g0.jsonl,1098,0,EXTEND,D,D,1,0.0,0.0
outputs/grpo_v3/grpo/rollouts/1098_step17_g0.jsonl,1098,1,EXTEND,D,D,1,0.0,0.0
outputs/grpo_v3/grpo/rollouts/1098_step17_g0.jsonl,1098,2,RECOMMEND,D,D,1,0.0,0.0
outputs/grpo_v3/grpo/rollouts/1098_step17_g1.jsonl,1098,0,EXTEND,D,D,1,0.0,0.0
outputs/grpo_v3/grpo/rollouts/1098_step17_g1.jsonl,1098,1,RECOMMEND,D,D,1,0.0,0.0
outputs/grpo_v3/grpo/rollouts/1098_step17_g2.jsonl,1098,0,EXTEND,D,D,1,0.0,0.0
outputs/grpo_v3/grpo/rollouts/1098_step17_g2.jsonl,1098,1,RECOMMEND,D,D,1,0.0,0.0
outputs/grpo_v3/grpo/rollouts/1098_step17_g2.jsonl,1098,2,RECOMMEND,D,D,1,0.0,0.0
outputs/grpo_v3/grpo/rollouts/1098_step17_g2.jsonl,1098,3,EXTEND,D,D,1,0.0,0.0
outputs/grpo_v3/grpo/rollouts/1098_step17_g2.jsonl,1098,4,RECOMMEND,D,D,1,0.0,0.0
outputs/grpo_v3/grpo/rollouts/1098_step17_g3.jsonl,1098,0,EXTEND,D,D,1,0.0,0.0
outputs/grpo_v3/grpo/rollouts/1098_step17_g3.jsonl,1098,1,RECOMMEND,D,D,1,0.0,0.0
outputs/grpo_v3/grpo/rollouts/1098_step17_g3.jsonl,1098,2,EXTEND,D,D,1,0.0,0.0
outputs/grpo_v3/grpo/rollouts/1098_step17_g3.jsonl,1098,3,EXTEND,D,D,1,0.0,0.0
outputs/grpo_v3/grpo/rollouts/1098_step17_g4.jsonl,1098,0,EXTEND,D,D,1,0.0,0.0
outputs/grpo_v3/grpo/rollouts/1098_step17_g4.jsonl,1098,1,RECOMMEND,D,D,1,0.0,0.0
outputs/grpo_v3/grpo/rollouts/1098_step17_g4.jsonl,1098,2,RECOMMEND,D,D,1,0.0,0.0
outputs/grpo_v3/grpo/rollouts/1098_step17_g5.jsonl,1098,0,EXTEND,D,D,1,0.0,0.0
outputs/grpo_v3/grpo/rollouts/1098_step17_g5.jsonl,1098,1,EXTEND,D,D,1,0.0,0.0
outputs/grpo_v3/grpo/rollouts/1098_step17_g5.jsonl,1098,2,RECOMMEND,D,D,1,0.0,0.0
outputs/grpo_v3/grpo/rollouts/2020_step21_g0.jsonl,2020,0,EXTEND,A,A,1,0.0,0.0
outputs/grpo_v3/grpo/rollouts/2020_step21_g0.jsonl,2020,1,EXTEND,A,A,1,0.0,0.0
outputs/grpo_v3/grpo/rollouts/2020_step21_g1.jsonl,2020,0,EXTEND,A,A,1,0.0,0.0
outputs/grpo_v3/grpo/rollouts/2020_step21_g1.jsonl,2020,1,RECOMMEND,A,,,0.0,0.0
outputs/grpo_v3/grpo/rollouts/2020_step21_g1.jsonl,2020,2,EXTEND,A,A,1,0.0,0.0
outputs/grpo_v3/grpo/rollouts/2020_step21_g2.jsonl,2020,0,EXTEND,A,A,1,0.0,0.0
outputs/grpo_v3/grpo/rollouts/2020_step21_g2.jsonl,2020,1,RECOMMEND,A,A,1,0.0,0.0
outputs/grpo_v3/grpo/rollouts/2020_step21_g3.jsonl,2020,0,EXTEND,A,A,1,0.0,0.0
outputs/grpo_v3/grpo/rollouts/2020_step21_g3.jsonl,2020,1,RECOMMEND,A,A,1,0.0,0.0
outputs/grpo_v3/grpo/rollouts/2020_step21_g3.jsonl,2020,2,EXTEND,A,A,1,0.0,0.0
outputs/grpo_v3/grpo/rollouts/2020_step21_g3.jsonl,2020,3,RECOMMEND,A,A,1,0.0,0.0
outputs/grpo_v3/grpo/rollouts/2020_step21_g3.jsonl,2020,4,RECOMMEND,A,A,1,0.0,0.0
outputs/grpo_v3/grpo/rollouts/2020_step21_g4.jsonl,2020,0,EXTEND,A,B,0,0.0,0.0
outputs/grpo_v3/grpo/rollouts/2020_step21_g4.jsonl,2020,1,EXTEND,A,B,0,0.0,0.0
outputs/grpo_v3/grpo/rollouts/2020_step21_g4.jsonl,2020,2,EXTEND,A,,,0.0,0.0
outputs/grpo_v3/grpo/rollouts/2020_step21_g5.jsonl,2020,0,EXTEND,A,B,0,0.0,0.0
outputs/grpo_v3/grpo/rollouts/2020_step21_g5.jsonl,2020,1,RECOMMEND,A,A,1,0.0,0.0
outputs/grpo_v3/grpo/rollouts/2020_step21_g5.jsonl,2020,2,RECOMMEND,A,A,1,0.0,0.0
outputs/grpo_v3/grpo/rollouts/2020_step32_g0.jsonl,2020,0,EXTEND,A,,,0.0,0.0
outputs/grpo_v3/grpo/rollouts/2020_step32_g0.jsonl,2020,1,RECOMMEND,A,A,1,0.0,0.0
outputs/grpo_v3/grpo/rollouts/2020_step32_g1.jsonl,2020,0,EXTEND,A,,,0.0,0.0
outputs/grpo_v3/grpo/rollouts/2020_step32_g1.jsonl,2020,1,RECOMMEND,A,A,1,0.0,0.0
outputs/grpo_v3/grpo/rollouts/2020_step32_g1.jsonl,2020,2,RECOMMEND,A,A,1,0.0,0.0
outputs/grpo_v3/grpo/rollouts/2020_step32_g2.jsonl,2020,0,EXTEND,A,A,1,0.0,0.0
outputs/grpo_v3/grpo/rollouts/2020_step32_g3.jsonl,2020,0,EXTEND,A,A,1,0.0,0.0
outputs/grpo_v3/grpo/rollouts/2020_step32_g3.jsonl,2020,1,RECOMMEND,A,A,1,0.0,0.0
outputs/grpo_v3/grpo/rollouts/2020_step32_g4.jsonl,2020,0,EXTEND,A,,,0.0,0.0
outputs/grpo_v3/grpo/rollouts/2020_step32_g4.jsonl,2020,1,RECOMMEND,A,A,1,0.0,0.0
outputs/grpo_v3/grpo/rollouts/2020_step32_g5.jsonl,2020,0,EXTEND,A,A,1,0.0,0.0
outputs/grpo_v3/grpo/rollouts/2020_step68_g0.jsonl,2020,0,EXTEND,A,A,1,0.0,0.0
outputs/grpo_v3/grpo/rollouts/2020_step68_g0.jsonl,2020,1,RECOMMEND,A,A,1,0.0,0.0
outputs/grpo_v3/grpo/rollouts/2020_step68_g0.jsonl,2020,2,RECOMMEND,A,A,1,0.0,0.0
outputs/grpo_v3/grpo/rollouts/2020_step68_g1.jsonl,2020,0,EXTEND,A,A,1,0.0,0.0
outputs/grpo_v3/grpo/rollouts/2020_step68_g1.jsonl,2020,1,EXTEND,A,A,1,0.0,0.0
outputs/grpo_v3/grpo/rollouts/2020_step68_g1.jsonl,2020,2,RECOMMEND,A,A,1,0.0,0.0
outputs/grpo_v3/grpo/rollouts/2020_step68_g2.jsonl,2020,0,EXTEND,A,A,1,0.0,0.0
outputs/grpo_v3/grpo/rollouts/2020_step68_g2.jsonl,2020,1,RECOMMEND,A,A,1,0.0,0.0
outputs/grpo_v3/grpo/rollouts/2020_step68_g2.jsonl,2020,2,EXTEND,A,A,1,0.0,0.0
outputs/grpo_v3/grpo/rollouts/2020_step68_g2.jsonl,2020,3,RECOMMEND,A,A,1,0.0,0.0
outputs/grpo_v3/grpo/rollouts/2020_step68_g3.jsonl,2020,0,EXTEND,A,A,1,0.0,0.0
outputs/grpo_v3/grpo/rollouts/2020_step68_g3.jsonl,2020,1,RECOMMEND,A,A,1,0.0,0.0
outputs/grpo_v3/grpo/rollouts/2020_step68_g3.jsonl,2020,2,RECOMMEND,A,A,1,0.0,0.0
outputs/grpo_v3/grpo/rollouts/2020_step68_g4.jsonl,2020,0,EXTEND,A,A,1,0.0,0.0
outputs/grpo_v3/grpo/rollouts/2020_step68_g4.jsonl,2020,1,RECOMMEND,A,A,1,0.0,0.0
outputs/grpo_v3/grpo/rollouts/2020_step68_g4.jsonl,2020,2,RECOMMEND,A,A,1,0.0,0.0
outputs/grpo_v3/grpo/rollouts/2020_step68_g5.jsonl,2020,0,EXTEND,A,A,1,0.0,0.0
outputs/grpo_v3/grpo/rollouts/2020_step68_g5.jsonl,2020,1,EXTEND,A,,,0.0,0.0
outputs/grpo_v3/grpo/rollouts/2020_step68_g5.jsonl,2020,2,EXTEND,A,,,0.0,0.0
outputs/grpo_v3/grpo/rollouts/2020_step68_g5.jsonl,2020,3,EXTEND,A,A,1,0.0,0.0
outputs/grpo_v3/grpo/rollouts/2020_step68_g5.jsonl,2020,4,RECOMMEND,A,A,1,0.0,0.0
outputs/grpo_v3/grpo/rollouts/2020_step6_g0.jsonl,2020,0,EXTEND,A,A,1,0.0,0.0
outputs/grpo_v3/grpo/rollouts/2020_step6_g0.jsonl,2020,1,EXTEND,A,A,1,0.0,0.0
outputs/grpo_v3/grpo/rollouts/2020_step6_g0.jsonl,2020,2,EXTEND,A,A,1,0.0,0.0
outputs/grpo_v3/grpo/rollouts/2020_step6_g0.jsonl,2020,3,EXTEND,A,A,1,0.0,0.0
outputs/grpo_v3/grpo/rollouts/2020_step6_g0.jsonl,2020,4,RECOMMEND,A,A,1,0.0,0.0
outputs/grpo_v3/grpo/rollouts/2020_step6_g0.jsonl,2020,5,EXTEND,A,A,1,0.0,0.0
outputs/grpo_v3/grpo/rollouts/2020_step6_g0.jsonl,2020,6,RECOMMEND,A,A,1,0.0,0.0
outputs/grpo_v3/grpo/rollouts/2020_step6_g0.jsonl,2020,7,EXTEND,A,A,1,0.0,0.0
outputs/grpo_v3/grpo/rollouts/2020_step6_g1.jsonl,2020,0,EXTEND,A,A,1,0.0,0.0
outputs/grpo_v3/grpo/rollouts/2020_step6_g1.jsonl,2020,1,EXTEND,A,A,1,0.0,0.0
outputs/grpo_v3/grpo/rollouts/2020_step6_g1.jsonl,2020,2,EXTEND,A,A,1,0.0,0.0
outputs/grpo_v3/grpo/rollouts/2020_step6_g1.jsonl,2020,3,EXTEND,A,A,1,0.0,0.0
outputs/grpo_v3/grpo/rollouts/2020_step6_g1.jsonl,2020,4,RECOMMEND,A,A,1,0.0,0.0
outputs/grpo_v3/grpo/rollouts/2020_step6_g1.jsonl,2020,5,EXTEND,A,A,1,0.0,0.0
outputs/grpo_v3/grpo/rollouts/2020_step6_g1.jsonl,2020,6,EXTEND,A,A,1,0.0,0.0
outputs/grpo_v3/grpo/rollouts/2020_step6_g1.jsonl,2020,7,EXTEND,A,A,1,0.0,0.0
outputs/grpo_v3/grpo/rollouts/2020_step6_g2.jsonl,2020,0,EXTEND,A,A,1,0.0,0.0
outputs/grpo_v3/grpo/rollouts/2020_step6_g2.jsonl,2020,1,RECOMMEND,A,A,1,0.0,0.0
outputs/grpo_v3/grpo/rollouts/2020_step6_g2.jsonl,2020,2,RECOMMEND,A,A,1,0.0,0.0
outputs/grpo_v3/grpo/rollouts/2020_step6_g2.jsonl,2020,3,RECOMMEND,A,A,1,0.0,0.0
outputs/grpo_v3/grpo/rollouts/2020_step6_g2.jsonl,2020,4,EXTEND,A,A,1,0.0,0.0
outputs/grpo_v3/grpo/rollouts/2020_step6_g2.jsonl,2020,5,EXTEND,A,A,1,0.0,0.0
outputs/grpo_v3/grpo/rollouts/2020_step6_g2.jsonl,2020,6,RECOMMEND,A,A,1,0.0,0.0
outputs/grpo_v3/grpo/rollouts/2020_step6_g2.jsonl,2020,7,RECOMMEND,A,A,1,0.0,0.0
outputs/grpo_v3/grpo/rollouts/2020_step6_g3.jsonl,2020,0,EXTEND,A,B,0,0.0,0.0
outputs/grpo_v3/grpo/rollouts/2020_step6_g3.jsonl,2020,1,EXTEND,A,,,0.0,0.0
outputs/grpo_v3/grpo/rollouts/2020_step6_g3.jsonl,2020,2,EXTEND,A,A,1,0.0,0.0
outputs/grpo_v3/grpo/rollouts/2020_step6_g3.jsonl,2020,3,RECOMMEND,A,,,0.0,0.0
outputs/grpo_v3/grpo/rollouts/2020_step6_g3.jsonl,2020,4,EXTEND,A,A,1,0.0,0.0
outputs/grpo_v3/grpo/rollouts/2020_step6_g3.jsonl,2020,5,RECOMMEND,A,A,1,0.0,0.0
outputs/grpo_v3/grpo/rollouts/2020_step6_g3.jsonl,2020,6,EXTEND,A,A,1,0.0,0.0
outputs/grpo_v3/grpo/rollouts/2020_step6_g3.jsonl,2020,7,RECOMMEND,A,A,1,0.0,0.0
outputs/grpo_v3/grpo/rollouts/2020_step6_g4.jsonl,2020,0,EXTEND,A,,,0.0,0.0
outputs/grpo_v3/grpo/rollouts/2020_step6_g4.jsonl,2020,1,RECOMMEND,A,B,0,0.0,0.0
outputs/grpo_v3/grpo/rollouts/2020_step6_g4.jsonl,2020,2,RECOMMEND,A,,,0.0,0.0
outputs/grpo_v3/grpo/rollouts/2020_step6_g4.jsonl,2020,3,RECOMMEND,A,,,0.0,0.0
outputs/grpo_v3/grpo/rollouts/2020_step6_g4.jsonl,2020,4,RECOMMEND,A,B,0,0.0,0.0
outputs/grpo_v3/grpo/rollouts/2020_step6_g5.jsonl,2020,0,EXTEND,A,A,1,0.0,0.0
outputs/grpo_v3/grpo/rollouts/2020_step6_g5.jsonl,2020,1,RECOMMEND,A,A,1,0.0,0.0
outputs/grpo_v3/grpo/rollouts/2020_step6_g5.jsonl,2020,2,EXTEND,A,A,1,0.0,0.0
outputs/grpo_v3/grpo/rollouts/2020_step6_g5.jsonl,2020,3,RECOMMEND,A,A,1,0.0,0.0
outputs/grpo_v3/grpo/rollouts/2020_step6_g5.jsonl,2020,4,EXTEND,A,A,1,0.0,0.0
outputs/grpo_v3/grpo/rollouts/2020_step6_g5.jsonl,2020,5,RECOMMEND,A,A,1,0.0,0.0
outputs/grpo_v3/grpo/rollouts/2020_step6_g5.jsonl,2020,6,EXTEND,A,A,1,0.0,0.0
outputs/grpo_v3/grpo/rollouts/2020_step6_g5.jsonl,2020,7,RECOMMEND,A,A,1,0.0,0.0
outputs/grpo_v3/grpo/rollouts/2024_step39_g0.jsonl,2024,0,EXTEND,A,,,0.0,0.0
outputs/grpo_v3/grpo/rollouts/2024_step39_g0.jsonl,2024,1,RECOMMEND,A,A,1,0.0,0.0
outputs/grpo_v3/grpo/rollouts/2024_step39_g1.jsonl,2024,0,EXTEND,A,A,1,0.0,0.0
outputs/grpo_v3/grpo/rollouts/2024_step39_g1.jsonl,2024,1,RECOMMEND,A,,,0.0,0.0
outputs/grpo_v3/grpo/rollouts/2024_step39_g2.jsonl,2024,0,EXTEND,A,C,0,0.0,0.0
outputs/grpo_v3/grpo/rollouts/2024_step39_g2.jsonl,2024,1,EXTEND,A,,,0.0,0.0
outputs/grpo_v3/grpo/rollouts/2024_step39_g3.jsonl,2024,0,EXTEND,A,C,0,0.0,0.0
outputs/grpo_v3/grpo/rollouts/2024_step39_g3.jsonl,2024,1,RECOMMEND,A,C,0,0.0,0.0
outputs/grpo_v3/grpo/rollouts/2024_step39_g4.jsonl,2024,0,EXTEND,A,B,0,0.0,0.0
outputs/grpo_v3/grpo/rollouts/2024_step39_g4.jsonl,2024,1,RECOMMEND,A,A,1,0.0,0.0
outputs/grpo_v3/grpo/rollouts/2024_step39_g5.jsonl,2024,0,EXTEND,A,,,0.0,0.0
outputs/grpo_v3/grpo/rollouts/2024_step39_g5.jsonl,2024,1,RECOMMEND,A,A,1,0.0,0.0
outputs/grpo_v3/grpo/rollouts/2041_step23_g0.jsonl,2041,0,EXTEND,A,B,0,0.0,0.0
outputs/grpo_v3/grpo/rollouts/2041_step23_g0.jsonl,2041,1,EXTEND,A,B,0,0.0,0.0
outputs/grpo_v3/grpo/rollouts/2041_step23_g0.jsonl,2041,2,EXTEND,A,B,0,0.0,0.0
outputs/grpo_v3/grpo/rollouts/2041_step23_g1.jsonl,2041,0,EXTEND,A,B,0,0.0,0.0
outputs/grpo_v3/grpo/rollouts/2041_step23_g1.jsonl,2041,1,RECOMMEND,A,B,0,0.0,0.0
outputs/grpo_v3/grpo/rollouts/2041_step23_g1.jsonl,2041,2,EXTEND,A,B,0,0.0,0.0
outputs/grpo_v3/grpo/rollouts/2041_step23_g1.jsonl,2041,3,RECOMMEND,A,A,1,0.0,0.0
outputs/grpo_v3/grpo/rollouts/2041_step23_g1.jsonl,2041,4,EXTEND,A,A,1,0.0,0.0
outputs/grpo_v3/grpo/rollouts/2041_step23_g1.jsonl,2041,5,EXTEND,A,B,0,0.0,0.0
outputs/grpo_v3/grpo/rollouts/2041_step23_g1.jsonl,2041,6,RECOMMEND,A,A,1,0.0,0.0
outputs/grpo_v3/grpo/rollouts/2041_step23_g1.jsonl,2041,7,RECOMMEND,A,B,0,0.0,0.0
outputs/grpo_v3/grpo/rollouts/2041_step23_g2.jsonl,2041,0,EXTEND,A,,,0.0,0.0
outputs/grpo_v3/grpo/rollouts/2041_step23_g2.jsonl,2041,1,RECOMMEND,A,B,0,0.0,0.0
outputs/grpo_v3/grpo/rollouts/2041_step23_g2.jsonl,2041,2,RECOMMEND,A,B,0,0.0,0.0
outputs/grpo_v3/grpo/rollouts/2041_step23_g3.jsonl,2041,0,EXTEND,A,B,0,0.0,0.0
outputs/grpo_v3/grpo/rollouts/2041_step23_g3.jsonl,2041,1,RECOMMEND,A,B,0,0.0,0.0
outputs/grpo_v3/grpo/rollouts/2041_step23_g3.jsonl,2041,2,RECOMMEND,A,,,0.0,0.0
outputs/grpo_v3/grpo/rollouts/2041_step23_g3.jsonl,2041,3,EXTEND,A,B,0,0.0,0.0
outputs/grpo_v3/grpo/rollouts/2041_step23_g4.jsonl,2041,0,EXTEND,A,B,0,0.0,0.0
outputs/grpo_v3/grpo/rollouts/2041_step23_g4.jsonl,2041,1,RECOMMEND,A,B,0,0.0,0.0
outputs/grpo_v3/grpo/rollouts/2041_step23_g4.jsonl,2041,2,RECOMMEND,A,B,0,0.0,0.0
outputs/grpo_v3/grpo/rollouts/2041_step23_g5.jsonl,2041,0,EXTEND,A,B,0,0.0,0.0
outputs/grpo_v3/grpo/rollouts/2041_step23_g5.jsonl,2041,1,RECOMMEND,A,B,0,0.0,0.0
outputs/grpo_v3/grpo/rollouts/2041_step23_g5.jsonl,2041,2,EXTEND,A,B,0,0.0,0.0
outputs/grpo_v3/grpo/rollouts/2041_step46_g0.jsonl,2041,0,EXTEND,A,B,0,0.0,0.0
outputs/grpo_v3/grpo/rollouts/2041_step46_g0.jsonl,2041,1,RECOMMEND,A,A,1,0.0,0.0
outputs/grpo_v3/grpo/rollouts/2041_step46_g1.jsonl,2041,0,EXTEND,A,B,0,0.0,0.0
outputs/grpo_v3/grpo/rollouts/2041_step46_g2.jsonl,2041,0,EXTEND,A,B,0,0.0,0.0
outputs/grpo_v3/grpo/rollouts/2041_step46_g3.jsonl,2041,0,EXTEND,A,B,0,0.0,0.0
outputs/grpo_v3/grpo/rollouts/2041_step46_g4.jsonl,2041,0,EXTEND,A,B,0,0.0,0.0
outputs/grpo_v3/grpo/rollouts/2041_step46_g5.jsonl,2041,0,EXTEND,A,B,0,0.0,0.0
outputs/grpo_v3/grpo/rollouts/2058_step64_g0.jsonl,2058,0,EXTEND,C,C,1,0.0,0.0
outputs/grpo_v3/grpo/rollouts/2058_step64_g0.jsonl,2058,1,RECOMMEND,C,C,1,0.0,0.0
outputs/grpo_v3/grpo/rollouts/2058_step64_g1.jsonl,2058,0,EXTEND,C,C,1,0.0,0.0
outputs/grpo_v3/grpo/rollouts/2058_step64_g1.jsonl,2058,1,RECOMMEND,C,,,0.0,0.0
outputs/grpo_v3/grpo/rollouts/2058_step64_g2.jsonl,2058,0,EXTEND,C,C,1,0.0,0.0
outputs/grpo_v3/grpo/rollouts/2058_step64_g2.jsonl,2058,1,RECOMMEND,C,C,1,0.0,0.0
outputs/grpo_v3/grpo/rollouts/2058_step64_g2.jsonl,2058,2,RECOMMEND,C,,,0.0,0.0
outputs/grpo_v3/grpo/rollouts/2058_step64_g3.jsonl,2058,0,EXTEND,C,,,0.0,0.0
outputs/grpo_v3/grpo/rollouts/2058_step64_g3.jsonl,2058,1,RECOMMEND,C,,,0.0,0.0
outputs/grpo_v3/grpo/rollouts/2058_step64_g4.jsonl,2058,0,EXTEND,C,C,1,0.0,0.0
outputs/grpo_v3/grpo/rollouts/2058_step64_g4.jsonl,2058,1,RECOMMEND,C,,,0.0,0.0
outputs/grpo_v3/grpo/rollouts/2058_step64_g5.jsonl,2058,0,EXTEND,C,C,1,0.0,0.0
outputs/grpo_v3/grpo/rollouts/2058_step64_g5.jsonl,2058,1,EXTEND,C,,,0.0,0.0
outputs/grpo_v3/grpo/rollouts/2058_step64_g5.jsonl,2058,2,RECOMMEND,C,,,0.0,0.0
outputs/grpo_v3/grpo/rollouts/2058_step64_g5.jsonl,2058,3,RECOMMEND,C,,,0.0,0.0
outputs/grpo_v3/grpo/rollouts/2067_step2_g0.jsonl,2067,0,EXTEND,B,,,0.0,0.0
outputs/grpo_v3/grpo/rollouts/2067_step2_g0.jsonl,2067,1,EXTEND,B,,,0.0,0.0
outputs/grpo_v3/grpo/rollouts/2067_step2_g0.jsonl,2067,2,EXTEND,B,,,0.0,0.0
outputs/grpo_v3/grpo/rollouts/2067_step2_g0.jsonl,2067,3,RECOMMEND,B,B,1,0.0,0.0
outputs/grpo_v3/grpo/rollouts/2067_step2_g0.jsonl,2067,4,RECOMMEND,B,B,1,0.0,0.0
outputs/grpo_v3/grpo/rollouts/2067_step2_g0.jsonl,2067,5,EXTEND,B,B,1,0.0,0.0
outputs/grpo_v3/grpo/rollouts/2067_step2_g0.jsonl,2067,6,RECOMMEND,B,B,1,0.0,0.0
outputs/grpo_v3/grpo/rollouts/2067_step2_g0.jsonl,2067,7,RECOMMEND,B,B,1,0.0,0.0
outputs/grpo_v3/grpo/rollouts/2067_step2_g1.jsonl,2067,0,EXTEND,B,,,0.0,0.0
outputs/grpo_v3/grpo/rollouts/2067_step2_g1.jsonl,2067,1,RECOMMEND,B,C,0,0.0,0.0
outputs/grpo_v3/grpo/rollouts/2067_step2_g1.jsonl,2067,2,RECOMMEND,B,,,0.0,0.0
outputs/grpo_v3/grpo/rollouts/2067_step2_g1.jsonl,2067,3,RECOMMEND,B,,,0.0,0.0
outputs/grpo_v3/grpo/rollouts/2067_step2_g1.jsonl,2067,4,RECOMMEND,B,,,0.0,0.0
outputs/grpo_v3/grpo/rollouts/2067_step2_g1.jsonl,2067,5,RECOMMEND,B,,,0.0,0.0
outputs/grpo_v3/grpo/rollouts/2067_step2_g2.jsonl,2067,0,EXTEND,B,,,0.0,0.0
outputs/grpo_v3/grpo/rollouts/2067_step2_g2.jsonl,2067,1,RECOMMEND,B,,,0.0,0.0
outputs/grpo_v3/grpo/rollouts/2067_step2_g2.jsonl,2067,2,RECOMMEND,B,B,1,0.0,0.0
outputs/grpo_v3/grpo/rollouts/2067_step2_g2.jsonl,2067,3,RECOMMEND,B,B,1,0.0,0.0
outputs/grpo_v3/grpo/rollouts/2067_step2_g2.jsonl,2067,4,RECOMMEND,B,B,1,0.0,0.0
outputs/grpo_v3/grpo/rollouts/2067_step2_g3.jsonl,2067,0,EXTEND,B,B,1,0.0,0.0
outputs/grpo_v3/grpo/rollouts/2067_step2_g3.jsonl,2067,1,EXTEND,B,B,1,0.0,0.0
outputs/grpo_v3/grpo/rollouts/2067_step2_g3.jsonl,2067,2,EXTEND,B,B,1,0.0,0.0
outputs/grpo_v3/grpo/rollouts/2067_step2_g3.jsonl,2067,3,EXTEND,B,,,0.0,0.0
outputs/grpo_v3/grpo/rollouts/2067_step2_g3.jsonl,2067,4,EXTEND,B,B,1,0.0,0.0
outputs/grpo_v3/grpo/rollouts/2067_step2_g3.jsonl,2067,5,EXTEND,B,B,1,0.0,0.0
outputs/grpo_v3/grpo/rollouts/2067_step2_g3.jsonl,2067,6,EXTEND,B,B,1,0.0,0.0
outputs/grpo_v3/grpo/rollouts/2067_step2_g4.jsonl,2067,0,EXTEND,B,,,0.0,0.0
outputs/grpo_v3/grpo/rollouts/2067_step2_g4.jsonl,2067,1,EXTEND,B,,,0.0,0.0
outputs/grpo_v3/grpo/rollouts/2067_step2_g4.jsonl,2067,2,RECOMMEND,B,B,1,0.0,0.0
outputs/grpo_v3/grpo/rollouts/2067_step2_g4.jsonl,2067,3,EXTEND,B,B,1,0.0,0.0
outputs/grpo_v3/grpo/rollouts/2067_step2_g4.jsonl,2067,4,EXTEND,B,,,0.0,0.0
outputs/grpo_v3/grpo/rollouts/2067_step2_g4.jsonl,2067,5,EXTEND,B,B,1,0.0,0.0
outputs/grpo_v3/grpo/rollouts/2067_step2_g5.jsonl,2067,0,EXTEND,B,B,1,0.0,0.0
outputs/grpo_v3/grpo/rollouts/2067_step2_g5.jsonl,2067,1,RECOMMEND,B,B,1,0.0,0.0
outputs/grpo_v3/grpo/rollouts/2067_step2_g5.jsonl,2067,2,RECOMMEND,B,B,1,0.0,0.0
outputs/grpo_v3/grpo/rollouts/2067_step2_g5.jsonl,2067,3,RECOMMEND,B,C,0,0.0,0.0
outputs/grpo_v3/grpo/rollouts/2067_step2_g5.jsonl,2067,4,RECOMMEND,B,B,1,0.0,0.0
outputs/grpo_v3/grpo/rollouts/2067_step2_g5.jsonl,2067,5,RECOMMEND,B,,,0.0,0.0
outputs/grpo_v3/grpo/rollouts/2067_step52_g0.jsonl,2067,0,EXTEND,B,B,1,0.0,0.0
outputs/grpo_v3/grpo/rollouts/2067_step52_g0.jsonl,2067,1,EXTEND,B,,,0.0,0.0
outputs/grpo_v3/grpo/rollouts/2067_step52_g0.jsonl,2067,2,RECOMMEND,B,,,0.0,0.0
outputs/grpo_v3/grpo/rollouts/2067_step52_g0.jsonl,2067,3,EXTEND,B,,,0.0,0.0
outputs/grpo_v3/grpo/rollouts/2067_step52_g0.jsonl,2067,4,EXTEND,B,,,0.0,0.0
outputs/grpo_v3/grpo/rollouts/2067_step52_g0.jsonl,2067,5,RECOMMEND,B,,,0.0,0.0
outputs/grpo_v3/grpo/rollouts/2067_step52_g0.jsonl,2067,6,RECOMMEND,B,,,0.0,0.0
outputs/grpo_v3/grpo/rollouts/2067_step52_g0.jsonl,2067,7,RECOMMEND,B,,,0.0,0.0
outputs/grpo_v3/grpo/rollouts/2067_step52_g1.jsonl,2067,0,EXTEND,B,,,0.0,0.0
outputs/grpo_v3/grpo/rollouts/2067_step52_g1.jsonl,2067,1,EXTEND,B,,,0.0,0.0
outputs/grpo_v3/grpo/rollouts/2067_step52_g1.jsonl,2067,2,RECOMMEND,B,B,1,0.0,0.0
outputs/grpo_v3/grpo/rollouts/2067_step52_g1.jsonl,2067,3,RECOMMEND,B,,,0.0,0.0
outputs/grpo_v3/grpo/rollouts/2067_step52_g1.jsonl,2067,4,RECOMMEND,B,C,0,0.0,0.0
outputs/grpo_v3/grpo/rollouts/2067_step52_g2.jsonl,2067,0,EXTEND,B,,,0.0,0.0
outputs/grpo_v3/grpo/rollouts/2067_step52_g2.jsonl,2067,1,EXTEND,B,,,0.0,0.0
outputs/grpo_v3/grpo/rollouts/2067_step52_g2.jsonl,2067,2,EXTEND,B,,,0.0,0.0
outputs/grpo_v3/grpo/rollouts/2067_step52_g2.jsonl,2067,3,EXTEND,B,,,0.0,0.0
outputs/grpo_v3/grpo/rollouts/2067_step52_g3.jsonl,2067,0,EXTEND,B,B,1,0.0,0.0
outputs/grpo_v3/grpo/rollouts/2067_step52_g3.jsonl,2067,1,EXTEND,B,B,1,0.0,0.0
outputs/grpo_v3/grpo/rollouts/2067_step52_g3.jsonl,2067,2,RECOMMEND,B,B,1,0.0,0.0
outputs/grpo_v3/grpo/rollouts/2067_step52_g3.jsonl,2067,3,EXTEND,B,B,1,0.0,0.0
outputs/grpo_v3/grpo/rollouts/2067_step52_g4.jsonl,2067,0,EXTEND,B,,,0.0,0.0
outputs/grpo_v3/grpo/rollouts/2067_step52_g4.jsonl,2067,1,RECOMMEND,B,A,0,0.0,0.0
outputs/grpo_v3/grpo/rollouts/2067_step52_g4.jsonl,2067,2,RECOMMEND,B,A,0,0.0,0.0
outputs/grpo_v3/grpo/rollouts/2067_step52_g4.jsonl,2067,3,EXTEND,B,,,0.0,0.0
outputs/grpo_v3/grpo/rollouts/2067_step52_g4.jsonl,2067,4,RECOMMEND,B,A,0,0.0,0.0
outputs/grpo_v3/grpo/rollouts/2067_step52_g4.jsonl,2067,5,EXTEND,B,A,0,0.0,0.0
outputs/grpo_v3/grpo/rollouts/2067_step52_g4.jsonl,2067,6,EXTEND,B,A,0,0.0,0.0
outputs/grpo_v3/grpo/rollouts/2067_step52_g5.jsonl,2067,0,EXTEND,B,,,0.0,0.0
outputs/grpo_v3/grpo/rollouts/2067_step52_g5.jsonl,2067,1,RECOMMEND,B,,,0.0,0.0
outputs/grpo_v3/grpo/rollouts/2067_step52_g5.jsonl,2067,2,RECOMMEND,B,B,1,0.0,0.0
outputs/grpo_v3/grpo/rollouts/2067_step52_g5.jsonl,2067,3,RECOMMEND,B,B,1,0.0,0.0
outputs/grpo_v3/grpo/rollouts/2067_step52_g5.jsonl,2067,4,RECOMMEND,B,B,1,0.0,0.0
outputs/grpo_v3/grpo/rollouts/2067_step52_g5.jsonl,2067,5,RECOMMEND,B,B,1,0.0,0.0
outputs/grpo_v3/grpo/rollouts/2067_step52_g5.jsonl,2067,6,RECOMMEND,B,B,1,0.0,0.0
outputs/grpo_v3/grpo/rollouts/2067_step52_g5.jsonl,2067,7,RECOMMEND,B,B,1,0.0,0.0
outputs/grpo_v3/grpo/rollouts/2067_step60_g0.jsonl,2067,0,EXTEND,B,D,0,0.0,0.0
outputs/grpo_v3/grpo/rollouts/2067_step60_g0.jsonl,2067,1,RECOMMEND,B,D,0,0.0,0.0
outputs/grpo_v3/grpo/rollouts/2067_step60_g0.jsonl,2067,2,RECOMMEND,B,D,0,0.0,0.0
outputs/grpo_v3/grpo/rollouts/2067_step60_g0.jsonl,2067,3,RECOMMEND,B,D,0,0.0,0.0
outputs/grpo_v3/grpo/rollouts/2067_step60_g0.jsonl,2067,4,RECOMMEND,B,D,0,0.0,0.0
outputs/grpo_v3/grpo/rollouts/2067_step60_g0.jsonl,2067,5,RECOMMEND,B,D,0,0.0,0.0
outputs/grpo_v3/grpo/rollouts/2067_step60_g0.jsonl,2067,6,RECOMMEND,B,D,0,0.0,0.0
outputs/grpo_v3/grpo/rollouts/2067_step60_g0.jsonl,2067,7,RECOMMEND,B,D,0,0.0,0.0
outputs/grpo_v3/grpo/rollouts/2067_step60_g1.jsonl,2067,0,EXTEND,B,,,0.0,0.0
outputs/grpo_v3/grpo/rollouts/2067_step60_g1.jsonl,2067,1,RECOMMEND,B,,,0.0,0.0
outputs/grpo_v3/grpo/rollouts/2067_step60_g1.jsonl,2067,2,EXTEND,B,B,1,0.0,0.0
outputs/grpo_v3/grpo/rollouts/2067_step60_g1.jsonl,2067,3,EXTEND,B,,,0.0,0.0
outputs/grpo_v3/grpo/rollouts/2067_step60_g1.jsonl,2067,4,RECOMMEND,B,B,1,0.0,0.0
outputs/grpo_v3/grpo/rollouts/2067_step60_g1.jsonl,2067,5,EXTEND,B,B,1,0.0,0.0
outputs/grpo_v3/grpo/rollouts/2067_step60_g1.jsonl,2067,6,EXTEND,B,,,0.0,0.0
outputs/grpo_v3/grpo/rollouts/2067_step60_g1.jsonl,2067,7,RECOMMEND,B,B,1,0.0,0.0
outputs/grpo_v3/grpo/rollouts/2067_step60_g2.jsonl,2067,0,EXTEND,B,,,0.0,0.0
outputs/grpo_v3/grpo/rollouts/2067_step60_g2.jsonl,2067,1,EXTEND,B,,,0.0,0.0
outputs/grpo_v3/grpo/rollouts/2067_step60_g2.jsonl,2067,2,RECOMMEND,B,,,0.0,0.0
outputs/grpo_v3/grpo/rollouts/2067_step60_g2.jsonl,2067,3,EXTEND,B,,,0.0,0.0
outputs/grpo_v3/grpo/rollouts/2067_step60_g2.jsonl,2067,4,EXTEND,B,,,0.0,0.0
outputs/grpo_v3/grpo/rollouts/2067_step60_g2.jsonl,2067,5,RECOMMEND,B,B,1,0.0,0.0
outputs/grpo_v3/grpo/rollouts/2067_step60_g2.jsonl,2067,6,EXTEND,B,B,1,0.0,0.0
outputs/grpo_v3/grpo/rollouts/2067_step60_g2.jsonl,2067,7,EXTEND,B,,,0.0,0.0
outputs/grpo_v3/grpo/rollouts/2067_step60_g3.jsonl,2067,0,EXTEND,B,,,0.0,0.0
outputs/grpo_v3/grpo/rollouts/2067_step60_g3.jsonl,2067,1,EXTEND,B,B,1,0.0,0.0
outputs/grpo_v3/grpo/rollouts/2067_step60_g3.jsonl,2067,2,EXTEND,B,B,1,0.0,0.0
outputs/grpo_v3/grpo/rollouts/2067_step60_g3.jsonl,2067,3,RECOMMEND,B,B,1,0.0,0.0
outputs/grpo_v3/grpo/rollouts/2067_step60_g3.jsonl,2067,4,RECOMMEND,B,B,1,0.0,0.0
outputs/grpo_v3/grpo/rollouts/2067_step60_g3.jsonl,2067,5,EXTEND,B,B,1,0.0,0.0
outputs/grpo_v3/grpo/rollouts/2067_step60_g3.jsonl,2067,6,RECOMMEND,B,C,0,0.0,0.0
outputs/grpo_v3/grpo/rollouts/2067_step60_g3.jsonl,2067,7,EXTEND,B,B,1,0.0,0.0
outputs/grpo_v3/grpo/rollouts/2067_step60_g4.jsonl,2067,0,EXTEND,B,,,0.0,0.0
outputs/grpo_v3/grpo/rollouts/2067_step60_g4.jsonl,2067,1,EXTEND,B,B,1,0.0,0.0
outputs/grpo_v3/grpo/rollouts/2067_step60_g4.jsonl,2067,2,EXTEND,B,,,0.0,0.0
outputs/grpo_v3/grpo/rollouts/2067_step60_g4.jsonl,2067,3,EXTEND,B,B,1,0.0,0.0
outputs/grpo_v3/grpo/rollouts/2067_step60_g4.jsonl,2067,4,EXTEND,B,,,0.0,0.0
outputs/grpo_v3/grpo/rollouts/2067_step60_g4.jsonl,2067,5,EXTEND,B,,,0.0,0.0
outputs/grpo_v3/grpo/rollouts/2067_step60_g4.jsonl,2067,6,EXTEND,B,,,0.0,0.0
outputs/grpo_v3/grpo/rollouts/2067_step60_g4.jsonl,2067,7,EXTEND,B,A,0,0.0,0.0
outputs/grpo_v3/grpo/rollouts/2067_step60_g5.jsonl,2067,0,EXTEND,B,,,0.0,0.0
outputs/grpo_v3/grpo/rollouts/2067_step60_g5.jsonl,2067,1,RECOMMEND,B,B,1,0.0,0.0
outputs/grpo_v3/grpo/rollouts/2067_step60_g5.jsonl,2067,2,RECOMMEND,B,B,1,0.0,0.0
outputs/grpo_v3/grpo/rollouts/2067_step60_g5.jsonl,2067,3,EXTEND,B,B,1,0.0,0.0
outputs/grpo_v3/grpo/rollouts/2067_step60_g5.jsonl,2067,4,EXTEND,B,B,1,0.0,0.0
outputs/grpo_v3/grpo/rollouts/2067_step60_g5.jsonl,2067,5,RECOMMEND,B,,,0.0,0.0
outputs/grpo_v3/grpo/rollouts/2067_step60_g5.jsonl,2067,6,EXTEND,B,,,0.0,0.0
outputs/grpo_v3/grpo/rollouts/2067_step60_g5.jsonl,2067,7,RECOMMEND,B,,,0.0,0.0
outputs/grpo_v3/grpo/rollouts/3017_step63_g0.jsonl,3017,0,EXTEND,A,A,1,0.0,0.0
outputs/grpo_v3/grpo/rollouts/3017_step63_g0.jsonl,3017,1,RECOMMEND,A,A,1,0.0,0.0
outputs/grpo_v3/grpo/rollouts/3017_step63_g1.jsonl,3017,0,EXTEND,A,A,1,0.0,0.0
outputs/grpo_v3/grpo/rollouts/3017_step63_g2.jsonl,3017,0,EXTEND,A,A,1,0.0,0.0
outputs/grpo_v3/grpo/rollouts/3017_step63_g2.jsonl,3017,1,EXTEND,A,A,1,0.0,0.0
outputs/grpo_v3/grpo/rollouts/3017_step63_g3.jsonl,3017,0,EXTEND,A,A,1,0.0,0.0
outputs/grpo_v3/grpo/rollouts/3017_step63_g3.jsonl,3017,1,EXTEND,A,A,1,0.0,0.0
outputs/grpo_v3/grpo/rollouts/3017_step63_g4.jsonl,3017,0,EXTEND,A,A,1,0.0,0.0
outputs/grpo_v3/grpo/rollouts/3017_step63_g4.jsonl,3017,1,RECOMMEND,A,A,1,0.0,0.0
outputs/grpo_v3/grpo/rollouts/3017_step63_g5.jsonl,3017,0,EXTEND,A,C,0,0.0,0.0
outputs/grpo_v3/grpo/rollouts/3017_step63_g5.jsonl,3017,1,RECOMMEND,A,C,0,0.0,0.0
outputs/grpo_v3/grpo/rollouts/3017_step63_g5.jsonl,3017,2,RECOMMEND,A,,,0.0,0.0
outputs/grpo_v3/grpo/rollouts/3017_step63_g5.jsonl,3017,3,RECOMMEND,A,,,0.0,0.0
outputs/grpo_v3/grpo/rollouts/3017_step63_g5.jsonl,3017,4,RECOMMEND,A,B,0,0.0,0.0
outputs/grpo_v3/grpo/rollouts/3017_step63_g5.jsonl,3017,5,EXTEND,A,,,0.0,0.0
outputs/grpo_v3/grpo/rollouts/3017_step63_g5.jsonl,3017,6,RECOMMEND,A,,,0.0,0.0
outputs/grpo_v3/grpo/rollouts/3020_step31_g0.jsonl,3020,0,EXTEND,B,B,1,0.0,0.0
outputs/grpo_v3/grpo/rollouts/3020_step31_g0.jsonl,3020,1,RECOMMEND,B,B,1,0.0,0.0
outputs/grpo_v3/grpo/rollouts/3020_step31_g1.jsonl,3020,0,EXTEND,B,B,1,0.0,0.0
outputs/grpo_v3/grpo/rollouts/3020_step31_g1.jsonl,3020,1,RECOMMEND,B,B,1,0.0,0.0
outputs/grpo_v3/grpo/rollouts/3020_step31_g2.jsonl,3020,0,EXTEND,B,B,1,0.0,0.0
outputs/grpo_v3/grpo/rollouts/3020_step31_g2.jsonl,3020,1,EXTEND,B,B,1,0.0,0.0
outputs/grpo_v3/grpo/rollouts/3020_step31_g2.jsonl,3020,2,RECOMMEND,B,B,1,0.0,0.0
outputs/grpo_v3/grpo/rollouts/3020_step31_g3.jsonl,3020,0,EXTEND,B,B,1,0.0,0.0
outputs/grpo_v3/grpo/rollouts/3020_step31_g3.jsonl,3020,1,RECOMMEND,B,B,1,0.0,0.0
outputs/grpo_v3/grpo/rollouts/3020_step31_g4.jsonl,3020,0,EXTEND,B,B,1,0.0,0.0
outputs/grpo_v3/grpo/rollouts/3020_step31_g4.jsonl,3020,1,EXTEND,B,B,1,0.0,0.0
outputs/grpo_v3/grpo/rollouts/3020_step31_g4.jsonl,3020,2,RECOMMEND,B,,,0.0,0.0
outputs/grpo_v3/grpo/rollouts/3020_step31_g5.jsonl,3020,0,EXTEND,B,B,1,0.0,0.0
outputs/grpo_v3/grpo/rollouts/3020_step31_g5.jsonl,3020,1,EXTEND,B,B,1,0.0,0.0
outputs/grpo_v3/grpo/rollouts/3020_step31_g5.jsonl,3020,2,EXTEND,B,B,1,0.0,0.0
outputs/grpo_v3/grpo/rollouts/3020_step31_g5.jsonl,3020,3,EXTEND,B,,,0.0,0.0
outputs/grpo_v3/grpo/rollouts/3020_step31_g5.jsonl,3020,4,RECOMMEND,B,B,1,0.0,0.0
outputs/grpo_v3/grpo/rollouts/3020_step5_g0.jsonl,3020,0,EXTEND,B,B,1,0.0,0.0
outputs/grpo_v3/grpo/rollouts/3020_step5_g0.jsonl,3020,1,EXTEND,B,B,1,0.0,0.0
outputs/grpo_v3/grpo/rollouts/3020_step5_g0.jsonl,3020,2,EXTEND,B,B,1,0.0,0.0
outputs/grpo_v3/grpo/rollouts/3020_step5_g0.jsonl,3020,3,RECOMMEND,B,B,1,0.0,0.0
outputs/grpo_v3/grpo/rollouts/3020_step5_g0.jsonl,3020,4,RECOMMEND,B,B,1,0.0,0.0
outputs/grpo_v3/grpo/rollouts/3020_step5_g0.jsonl,3020,5,EXTEND,B,B,1,0.0,0.0
outputs/grpo_v3/grpo/rollouts/3020_step5_g0.jsonl,3020,6,EXTEND,B,B,1,0.0,0.0
outputs/grpo_v3/grpo/rollouts/3020_step5_g0.jsonl,3020,7,EXTEND,B,B,1,0.0,0.0
outputs/grpo_v3/grpo/rollouts/3020_step5_g1.jsonl,3020,0,EXTEND,B,B,1,0.0,0.0
outputs/grpo_v3/grpo/rollouts/3020_step5_g1.jsonl,3020,1,RECOMMEND,B,B,1,0.0,0.0
outputs/grpo_v3/grpo/rollouts/3020_step5_g1.jsonl,3020,2,RECOMMEND,B,B,1,0.0,0.0
outputs/grpo_v3/grpo/rollouts/3020_step5_g1.jsonl,3020,3,RECOMMEND,B,,,0.0,0.0
outputs/grpo_v3/grpo/rollouts/3020_step5_g1.jsonl,3020,4,RECOMMEND,B,B,1,0.0,0.0
outputs/grpo_v3/grpo/rollouts/3020_step5_g1.jsonl,3020,5,RECOMMEND,B,B,1,0.0,0.0
outputs/grpo_v3/grpo/rollouts/3020_step5_g1.jsonl,3020,6,RECOMMEND,B,B,1,0.0,0.0
outputs/grpo_v3/grpo/rollouts/3020_step5_g1.jsonl,3020,7,RECOMMEND,B,B,1,0.0,0.0
outputs/grpo_v3/grpo/rollouts/3020_step5_g2.jsonl,3020,0,EXTEND,B,B,1,0.0,0.0
outputs/grpo_v3/grpo/rollouts/3020_step5_g2.jsonl,3020,1,RECOMMEND,B,,,0.0,0.0
outputs/grpo_v3/grpo/rollouts/3020_step5_g2.jsonl,3020,2,RECOMMEND,B,B,1,0.0,0.0
outputs/grpo_v3/grpo/rollouts/3020_step5_g2.jsonl,3020,3,EXTEND,B,B,1,0.0,0.0
outputs/grpo_v3/grpo/rollouts/3020_step5_g2.jsonl,3020,4,EXTEND,B,B,1,0.0,0.0
outputs/grpo_v3/grpo/rollouts/3020_step5_g2.jsonl,3020,5,EXTEND,B,B,1,0.0,0.0
outputs/grpo_v3/grpo/rollouts/3020_step5_g2.jsonl,3020,6,EXTEND,B,,,0.0,0.0
outputs/grpo_v3/grpo/rollouts/3020_step5_g2.jsonl,3020,7,EXTEND,B,B,1,0.0,0.0
outputs/grpo_v3/grpo/rollouts/3020_step5_g3.jsonl,3020,0,EXTEND,B,B,1,0.0,0.0
outputs/grpo_v3/grpo/rollouts/3020_step5_g3.jsonl,3020,1,RECOMMEND,B,B,1,1.0,0.0
outputs/grpo_v3/grpo/rollouts/3020_step5_g3.jsonl,3020,2,RECOMMEND,B,B,1,0.0,0.0
outputs/grpo_v3/grpo/rollouts/3020_step5_g3.jsonl,3020,3,RECOMMEND,B,,,0.0,0.0
outputs/grpo_v3/grpo/rollouts/3020_step5_g3.jsonl,3020,4,RECOMMEND,B,B,1,0.0,0.0
outputs/grpo_v3/grpo/rollouts/3020_step5_g3.jsonl,3020,5,RECOMMEND,B,B,1,0.0,0.0
outputs/grpo_v3/grpo/rollouts/3020_step5_g3.jsonl,3020,6,EXTEND,B,B,1,0.0,0.0
outputs/grpo_v3/grpo/rollouts/3020_step5_g3.jsonl,3020,7,EXTEND,B,B,1,0.0,0.0
outputs/grpo_v3/grpo/rollouts/3020_step5_g4.jsonl,3020,0,EXTEND,B,B,1,0.0,0.0
outputs/grpo_v3/grpo/rollouts/3020_step5_g4.jsonl,3020,1,EXTEND,B,,,0.0,0.0
outputs/grpo_v3/grpo/rollouts/3020_step5_g4.jsonl,3020,2,EXTEND,B,,,0.0,0.0
outputs/grpo_v3/grpo/rollouts/3020_step5_g4.jsonl,3020,3,EXTEND,B,B,1,0.0,0.0
outputs/grpo_v3/grpo/rollouts/3020_step5_g4.jsonl,3020,4,RECOMMEND,B,B,1,0.0,0.0
outputs/grpo_v3/grpo/rollouts/3020_step5_g4.jsonl,3020,5,EXTEND,B,B,1,0.0,0.0
outputs/grpo_v3/grpo/rollouts/3020_step5_g4.jsonl,3020,6,EXTEND,B,B,1,0.0,0.0
outputs/grpo_v3/grpo/rollouts/3020_step5_g4.jsonl,3020,7,RECOMMEND,B,B,1,0.0,0.0
outputs/grpo_v3/grpo/rollouts/3020_step5_g5.jsonl,3020,0,EXTEND,B,B,1,0.0,0.0
outputs/grpo_v3/grpo/rollouts/3020_step5_g5.jsonl,3020,1,RECOMMEND,B,B,1,0.0,0.0
outputs/grpo_v3/grpo/rollouts/3020_step5_g5.jsonl,3020,2,EXTEND,B,B,1,0.0,0.0
outputs/grpo_v3/grpo/rollouts/3020_step5_g5.jsonl,3020,3,EXTEND,B,B,1,0.0,0.0
outputs/grpo_v3/grpo/rollouts/3020_step5_g5.jsonl,3020,4,RECOMMEND,B,B,1,0.0,0.0
outputs/grpo_v3/grpo/rollouts/3020_step5_g5.jsonl,3020,5,RECOMMEND,B,B,1,0.0,0.0
outputs/grpo_v3/grpo/rollouts/3020_step5_g5.jsonl,3020,6,EXTEND,B,B,1,0.0,0.0
outputs/grpo_v3/grpo/rollouts/3020_step5_g5.jsonl,3020,7,RECOMMEND,B,B,1,0.0,0.0
outputs/grpo_v3/grpo/rollouts/3023_step22_g0.jsonl,3023,0,EXTEND,C,B,0,0.0,0.0
outputs/grpo_v3/grpo/rollouts/3023_step22_g0.jsonl,3023,1,EXTEND,C,B,0,0.0,0.0
outputs/grpo_v3/grpo/rollouts/3023_step22_g0.jsonl,3023,2,RECOMMEND,C,B,0,0.0,0.0
outputs/grpo_v3/grpo/rollouts/3023_step22_g1.jsonl,3023,0,EXTEND,C,B,0,0.0,0.0
outputs/grpo_v3/grpo/rollouts/3023_step22_g1.jsonl,3023,1,RECOMMEND,C,B,0,0.0,0.0
outputs/grpo_v3/grpo/rollouts/3023_step22_g2.jsonl,3023,0,EXTEND,C,B,0,0.0,0.0
outputs/grpo_v3/grpo/rollouts/3023_step22_g2.jsonl,3023,1,RECOMMEND,C,B,0,0.0,0.0
outputs/grpo_v3/grpo/rollouts/3023_step22_g3.jsonl,3023,0,EXTEND,C,B,0,0.0,0.0
outputs/grpo_v3/grpo/rollouts/3023_step22_g3.jsonl,3023,1,RECOMMEND,C,,,0.0,0.0
outputs/grpo_v3/grpo/rollouts/3023_step22_g4.jsonl,3023,0,EXTEND,C,B,0,0.0,0.0
outputs/grpo_v3/grpo/rollouts/3023_step22_g4.jsonl,3023,1,EXTEND,C,A,0,0.0,0.0
outputs/grpo_v3/grpo/rollouts/3023_step22_g4.jsonl,3023,2,EXTEND,C,A,0,0.0,0.0
outputs/grpo_v3/grpo/rollouts/3023_step22_g4.jsonl,3023,3,RECOMMEND,C,B,0,0.0,0.0
outputs/grpo_v3/grpo/rollouts/3023_step22_g5.jsonl,3023,0,EXTEND,C,B,0,0.0,0.0
outputs/grpo_v3/grpo/rollouts/3023_step22_g5.jsonl,3023,1,RECOMMEND,C,B,0,0.0,0.0
outputs/grpo_v3/grpo/rollouts/3023_step54_g0.jsonl,3023,0,EXTEND,C,B,0,0.0,0.0
outputs/grpo_v3/grpo/rollouts/3023_step54_g0.jsonl,3023,1,RECOMMEND,C,B,0,0.0,0.0
outputs/grpo_v3/grpo/rollouts/3023_step54_g0.jsonl,3023,2,RECOMMEND,C,B,0,0.0,0.0
outputs/grpo_v3/grpo/rollouts/3023_step54_g1.jsonl,3023,0,EXTEND,C,A,0,0.0,0.0
outputs/grpo_v3/grpo/rollouts/3023_step54_g1.jsonl,3023,1,EXTEND,C,,,0.0,0.0
outputs/grpo_v3/grpo/rollouts/3023_step54_g1.jsonl,3023,2,RECOMMEND,C,,,0.0,0.0
outputs/grpo_v3/grpo/rollouts/3023_step54_g1.jsonl,3023,3,RECOMMEND,C,,,0.0,0.0
outputs/grpo_v3/grpo/rollouts/3023_step54_g2.jsonl,3023,0,EXTEND,C,B,0,0.0,0.0
outputs/grpo_v3/grpo/rollouts/3023_step54_g2.jsonl,3023,1,RECOMMEND,C,A,0,0.0,0.0
outputs/grpo_v3/grpo/rollouts/3023_step54_g3.jsonl,3023,0,EXTEND,C,B,0,0.0,0.0
outputs/grpo_v3/grpo/rollouts/3023_step54_g3.jsonl,3023,1,EXTEND,C,C,1,0.0,0.0
outputs/grpo_v3/grpo/rollouts/3023_step54_g3.jsonl,3023,2,RECOMMEND,C,C,1,0.0,0.0
outputs/grpo_v3/grpo/rollouts/3023_step54_g3.jsonl,3023,3,RECOMMEND,C,C,1,0.0,0.0
outputs/grpo_v3/grpo/rollouts/3023_step54_g4.jsonl,3023,0,EXTEND,C,A,0,0.0,0.0
outputs/grpo_v3/grpo/rollouts/3023_step54_g4.jsonl,3023,1,EXTEND,C,A,0,0.0,0.0
outputs/grpo_v3/grpo/rollouts/3023_step54_g4.jsonl,3023,2,EXTEND,C,,,0.0,0.0
outputs/grpo_v3/grpo/rollouts/3023_step54_g4.jsonl,3023,3,EXTEND,C,,,0.0,0.0
outputs/grpo_v3/grpo/rollouts/3023_step54_g4.jsonl,3023,4,RECOMMEND,C,A,0,0.0,0.0
outputs/grpo_v3/grpo/rollouts/3023_step54_g5.jsonl,3023,0,EXTEND,C,B,0,0.0,0.0
outputs/grpo_v3/grpo/rollouts/3023_step54_g5.jsonl,3023,1,RECOMMEND,C,B,0,0.0,0.0
outputs/grpo_v3/grpo/rollouts/4014_step27_g0.jsonl,4014,0,EXTEND,C,,,0.0,0.0
outputs/grpo_v3/grpo/rollouts/4014_step27_g0.jsonl,4014,1,EXTEND,C,C,1,0.0,0.0
outputs/grpo_v3/grpo/rollouts/4014_step27_g0.jsonl,4014,2,RECOMMEND,C,,,0.0,0.0
outputs/grpo_v3/grpo/rollouts/4014_step27_g0.jsonl,4014,3,RECOMMEND,C,,,0.0,0.0
outputs/grpo_v3/grpo/rollouts/4014_step27_g1.jsonl,4014,0,EXTEND,C,,,0.0,0.0
outputs/grpo_v3/grpo/rollouts/4014_step27_g1.jsonl,4014,1,EXTEND,C,,,0.0,0.0
outputs/grpo_v3/grpo/rollouts/4014_step27_g1.jsonl,4014,2,EXTEND,C,C,1,0.0,0.0
outputs/grpo_v3/grpo/rollouts/4014_step27_g1.jsonl,4014,3,RECOMMEND,C,C,1,1.0,0.0
outputs/grpo_v3/grpo/rollouts/4014_step27_g1.jsonl,4014,4,EXTEND,C,C,1,0.0,0.0
outputs/grpo_v3/grpo/rollouts/4014_step27_g1.jsonl,4014,5,EXTEND,C,C,1,0.0,0.0
outputs/grpo_v3/grpo/rollouts/4014_step27_g1.jsonl,4014,6,RECOMMEND,C,,,0.0,0.0
outputs/grpo_v3/grpo/rollouts/4014_step27_g1.jsonl,4014,7,EXTEND,C,C,1,0.0,0.0
outputs/grpo_v3/grpo/rollouts/4014_step27_g2.jsonl,4014,0,EXTEND,C,D,0,0.0,0.0
outputs/grpo_v3/grpo/rollouts/4014_step27_g2.jsonl,4014,1,RECOMMEND,C,C,1,0.0,0.0
outputs/grpo_v3/grpo/rollouts/4014_step27_g2.jsonl,4014,2,RECOMMEND,C,C,1,0.0,0.0
outputs/grpo_v3/grpo/rollouts/4014_step27_g2.jsonl,4014,3,RECOMMEND,C,C,1,0.0,0.0
outputs/grpo_v3/grpo/rollouts/4014_step27_g3.jsonl,4014,0,EXTEND,C,D,0,0.0,0.0
outputs/grpo_v3/grpo/rollouts/4014_step27_g3.jsonl,4014,1,EXTEND,C,,,0.0,0.0
outputs/grpo_v3/grpo/rollouts/4014_step27_g3.jsonl,4014,2,EXTEND,C,C,1,0.0,0.0
outputs/grpo_v3/grpo/rollouts/4014_step27_g3.jsonl,4014,3,EXTEND,C,C,1,0.0,0.0
outputs/grpo_v3/grpo/rollouts/4014_step27_g3.jsonl,4014,4,RECOMMEND,C,C,1,1.0,0.0
outputs/grpo_v3/grpo/rollouts/4014_step27_g3.jsonl,4014,5,EXTEND,C,,,0.0,0.0
outputs/grpo_v3/grpo/rollouts/4014_step27_g3.jsonl,4014,6,EXTEND,C,C,1,0.0,0.0
outputs/grpo_v3/grpo/rollouts/4014_step27_g3.jsonl,4014,7,RECOMMEND,C,,,0.0,0.0
outputs/grpo_v3/grpo/rollouts/4014_step27_g4.jsonl,4014,0,EXTEND,C,D,0,0.0,0.0
outputs/grpo_v3/grpo/rollouts/4014_step27_g4.jsonl,4014,1,RECOMMEND,C,,,0.0,0.0
outputs/grpo_v3/grpo/rollouts/4014_step27_g4.jsonl,4014,2,RECOMMEND,C,C,1,0.0,0.0
outputs/grpo_v3/grpo/rollouts/4014_step27_g4.jsonl,4014,3,RECOMMEND,C,C,1,0.0,0.0
outputs/grpo_v3/grpo/rollouts/4014_step27_g4.jsonl,4014,4,RECOMMEND,C,C,1,0.0,0.0
outputs/grpo_v3/grpo/rollouts/4014_step27_g4.jsonl,4014,5,RECOMMEND,C,C,1,0.0,0.0
outputs/grpo_v3/grpo/rollouts/4014_step27_g4.jsonl,4014,6,RECOMMEND,C,C,1,0.0,0.0
outputs/grpo_v3/grpo/rollouts/4014_step27_g4.jsonl,4014,7,RECOMMEND,C,C,1,0.0,0.0
outputs/grpo_v3/grpo/rollouts/4014_step27_g5.jsonl,4014,0,EXTEND,C,C,1,0.0,0.0
outputs/grpo_v3/grpo/rollouts/4014_step27_g5.jsonl,4014,1,EXTEND,C,C,1,0.0,0.0
outputs/grpo_v3/grpo/rollouts/4014_step27_g5.jsonl,4014,2,EXTEND,C,,,0.0,0.0
outputs/grpo_v3/grpo/rollouts/4014_step27_g5.jsonl,4014,3,EXTEND,C,,,0.0,0.0
outputs/grpo_v3/grpo/rollouts/4014_step27_g5.jsonl,4014,4,RECOMMEND,C,,,0.0,0.0
outputs/grpo_v3/grpo/rollouts/4014_step27_g5.jsonl,4014,5,EXTEND,C,,,0.0,0.0
outputs/grpo_v3/grpo/rollouts/4014_step27_g5.jsonl,4014,6,EXTEND,C,,,0.0,0.0
outputs/grpo_v3/grpo/rollouts/4014_step27_g5.jsonl,4014,7,RECOMMEND,C,,,0.0,0.0
outputs/grpo_v3/grpo/rollouts/4014_step4_g0.jsonl,4014,0,EXTEND,C,D,0,0.0,0.0
outputs/grpo_v3/grpo/rollouts/4014_step4_g0.jsonl,4014,1,RECOMMEND,C,C,1,0.0,0.0
outputs/grpo_v3/grpo/rollouts/4014_step4_g0.jsonl,4014,2,RECOMMEND,C,,,0.0,0.0
outputs/grpo_v3/grpo/rollouts/4014_step4_g0.jsonl,4014,3,EXTEND,C,,,0.0,0.0
outputs/grpo_v3/grpo/rollouts/4014_step4_g0.jsonl,4014,4,EXTEND,C,C,1,0.0,0.0
outputs/grpo_v3/grpo/rollouts/4014_step4_g0.jsonl,4014,5,RECOMMEND,C,,,0.0,0.0
outputs/grpo_v3/grpo/rollouts/4014_step4_g0.jsonl,4014,6,EXTEND,C,C,1,0.0,0.0
outputs/grpo_v3/grpo/rollouts/4014_step4_g0.jsonl,4014,7,RECOMMEND,C,,,0.0,0.0
outputs/grpo_v3/grpo/rollouts/4014_step4_g1.jsonl,4014,0,EXTEND,C,D,0,0.0,0.0
outputs/grpo_v3/grpo/rollouts/4014_step4_g1.jsonl,4014,1,RECOMMEND,C,C,1,0.0,0.0
outputs/grpo_v3/grpo/rollouts/4014_step4_g1.jsonl,4014,2,EXTEND,C,C,1,0.0,0.0
outputs/grpo_v3/grpo/rollouts/4014_step4_g1.jsonl,4014,3,RECOMMEND,C,C,1,0.0,0.0
outputs/grpo_v3/grpo/rollouts/4014_step4_g1.jsonl,4014,4,RECOMMEND,C,C,1,0.0,0.0
outputs/grpo_v3/grpo/rollouts/4014_step4_g1.jsonl,4014,5,RECOMMEND,C,C,1,0.0,0.0
outputs/grpo_v3/grpo/rollouts/4014_step4_g1.jsonl,4014,6,RECOMMEND,C,C,1,0.0,0.0
outputs/grpo_v3/grpo/rollouts/4014_step4_g1.jsonl,4014,7,RECOMMEND,C,C,1,0.0,0.0
outputs/grpo_v3/grpo/rollouts/4014_step4_g2.jsonl,4014,0,EXTEND,C,D,0,0.0,0.0
outputs/grpo_v3/grpo/rollouts/4014_step4_g2.jsonl,4014,1,RECOMMEND,C,C,1,0.0,0.0
outputs/grpo_v3/grpo/rollouts/4014_step4_g2.jsonl,4014,2,RECOMMEND,C,C,1,0.0,0.0
outputs/grpo_v3/grpo/rollouts/4014_step4_g2.jsonl,4014,3,RECOMMEND,C,C,1,0.0,0.0
outputs/grpo_v3/grpo/rollouts/4014_step4_g2.jsonl,4014,4,RECOMMEND,C,,,0.0,0.0
outputs/grpo_v3/grpo/rollouts/4014_step4_g2.jsonl,4014,5,EXTEND,C,C,1,0.0,0.0
outputs/grpo_v3/grpo/rollouts/4014_step4_g2.jsonl,4014,6,EXTEND,C,C,1,0.0,0.0
outputs/grpo_v3/grpo/rollouts/4014_step4_g2.jsonl,4014,7,EXTEND,C,C,1,0.0,0.0
outputs/grpo_v3/grpo/rollouts/4014_step4_g3.jsonl,4014,0,EXTEND,C,C,1,0.0,0.0
outputs/grpo_v3/grpo/rollouts/4014_step4_g3.jsonl,4014,1,RECOMMEND,C,C,1,0.0,0.0
outputs/grpo_v3/grpo/rollouts/4014_step4_g3.jsonl,4014,2,RECOMMEND,C,C,1,0.0,0.0
outputs/grpo_v3/grpo/rollouts/4014_step4_g3.jsonl,4014,3,RECOMMEND,C,C,1,0.0,0.0
outputs/grpo_v3/grpo/rollouts/4014_step4_g3.jsonl,4014,4,RECOMMEND,C,C,1,0.0,0.0
outputs/grpo_v3/grpo/rollouts/4014_step4_g3.jsonl,4014,5,RECOMMEND,C,C,1,0.0,0.0
outputs/grpo_v3/grpo/rollouts/4014_step4_g3.jsonl,4014,6,RECOMMEND,C,C,1,0.0,0.0
outputs/grpo_v3/grpo/rollouts/4014_step4_g3.jsonl,4014,7,RECOMMEND,C,C,1,0.0,0.0
outputs/grpo_v3/grpo/rollouts/4014_step4_g4.jsonl,4014,0,EXTEND,C,D,0,0.0,0.0
outputs/grpo_v3/grpo/rollouts/4014_step4_g4.jsonl,4014,1,EXTEND,C,C,1,0.0,0.0
outputs/grpo_v3/grpo/rollouts/4014_step4_g4.jsonl,4014,2,RECOMMEND,C,,,0.0,0.0
outputs/grpo_v3/grpo/rollouts/4014_step4_g4.jsonl,4014,3,RECOMMEND,C,,,0.0,0.0
outputs/grpo_v3/grpo/rollouts/4014_step4_g4.jsonl,4014,4,EXTEND,C,C,1,0.0,0.0
outputs/grpo_v3/grpo/rollouts/4014_step4_g4.jsonl,4014,5,RECOMMEND,C,,,0.0,0.0
outputs/grpo_v3/grpo/rollouts/4014_step4_g4.jsonl,4014,6,RECOMMEND,C,,,0.0,0.0
outputs/grpo_v3/grpo/rollouts/4014_step4_g4.jsonl,4014,7,RECOMMEND,C,,,0.0,0.0
outputs/grpo_v3/grpo/rollouts/4014_step4_g5.jsonl,4014,0,EXTEND,C,D,0,0.0,0.0
outputs/grpo_v3/grpo/rollouts/4014_step4_g5.jsonl,4014,1,RECOMMEND,C,,,0.0,0.0
outputs/grpo_v3/grpo/rollouts/4014_step4_g5.jsonl,4014,2,EXTEND,C,,,0.0,0.0
outputs/grpo_v3/grpo/rollouts/4014_step4_g5.jsonl,4014,3,RECOMMEND,C,,,0.0,0.0
outputs/grpo_v3/grpo/rollouts/4014_step4_g5.jsonl,4014,4,RECOMMEND,C,,,0.0,0.0
outputs/grpo_v3/grpo/rollouts/4014_step4_g5.jsonl,4014,5,EXTEND,C,C,1,0.0,0.0
outputs/grpo_v3/grpo/rollouts/4014_step4_g5.jsonl,4014,6,EXTEND,C,C,1,0.0,0.0
outputs/grpo_v3/grpo/rollouts/4014_step4_g5.jsonl,4014,7,RECOMMEND,C,C,1,0.0,0.0
outputs/grpo_v3/grpo/rollouts/4016_step19_g0.jsonl,4016,0,EXTEND,B,B,1,0.0,0.0
outputs/grpo_v3/grpo/rollouts/4016_step19_g0.jsonl,4016,1,RECOMMEND,B,B,1,0.0,0.0
outputs/grpo_v3/grpo/rollouts/4016_step19_g1.jsonl,4016,0,EXTEND,B,B,1,0.0,0.0
outputs/grpo_v3/grpo/rollouts/4016_step19_g1.jsonl,4016,1,RECOMMEND,B,,,0.0,0.0
outputs/grpo_v3/grpo/rollouts/4016_step19_g1.jsonl,4016,2,RECOMMEND,B,,,1.0,1.0
outputs/grpo_v3/grpo/rollouts/4016_step19_g1.jsonl,4016,3,RECOMMEND,B,B,1,0.0,0.0
outputs/grpo_v3/grpo/rollouts/4016_step19_g2.jsonl,4016,0,EXTEND,B,B,1,0.0,0.0
outputs/grpo_v3/grpo/rollouts/4016_step19_g2.jsonl,4016,1,RECOMMEND,B,B,1,0.0,0.0
outputs/grpo_v3/grpo/rollouts/4016_step19_g3.jsonl,4016,0,EXTEND,B,B,1,0.0,0.0
outputs/grpo_v3/grpo/rollouts/4016_step19_g3.jsonl,4016,1,RECOMMEND,B,B,1,1.0,0.0
outputs/grpo_v3/grpo/rollouts/4016_step19_g4.jsonl,4016,0,EXTEND,B,B,1,0.0,0.0
outputs/grpo_v3/grpo/rollouts/4016_step19_g4.jsonl,4016,1,RECOMMEND,B,,,0.0,0.0
outputs/grpo_v3/grpo/rollouts/4016_step19_g4.jsonl,4016,2,EXTEND,B,C,0,0.0,0.0
outputs/grpo_v3/grpo/rollouts/4016_step19_g4.jsonl,4016,3,RECOMMEND,B,,,0.0,0.0
outputs/grpo_v3/grpo/rollouts/4016_step19_g4.jsonl,4016,4,EXTEND,B,C,0,0.0,0.0
outputs/grpo_v3/grpo/rollouts/4016_step19_g4.jsonl,4016,5,RECOMMEND,B,C,0,0.0,0.0
outputs/grpo_v3/grpo/rollouts/4016_step19_g4.jsonl,4016,6,EXTEND,B,C,0,0.0,0.0
outputs/grpo_v3/grpo/rollouts/4016_step19_g4.jsonl,4016,7,RECOMMEND,B,B,1,0.0,0.0
outputs/grpo_v3/grpo/rollouts/4016_step19_g5.jsonl,4016,0,EXTEND,B,B,1,1.0,0.0
outputs/grpo_v3/grpo/rollouts/4016_step19_g5.jsonl,4016,1,RECOMMEND,B,C,0,0.0,0.0
outputs/grpo_v3/grpo/rollouts/4016_step55_g0.jsonl,4016,0,EXTEND,B,B,1,0.0,0.0
outputs/grpo_v3/grpo/rollouts/4016_step55_g1.jsonl,4016,0,EXTEND,B,B,1,1.0,0.0
outputs/grpo_v3/grpo/rollouts/4016_step55_g1.jsonl,4016,1,RECOMMEND,B,B,1,0.0,0.0
outputs/grpo_v3/grpo/rollouts/4016_step55_g2.jsonl,4016,0,EXTEND,B,B,1,0.0,0.0
outputs/grpo_v3/grpo/rollouts/4016_step55_g2.jsonl,4016,1,RECOMMEND,B,B,1,0.0,0.0
outputs/grpo_v3/grpo/rollouts/4016_step55_g3.jsonl,4016,0,EXTEND,B,B,1,0.0,0.0
outputs/grpo_v3/grpo/rollouts/4016_step55_g3.jsonl,4016,1,EXTEND,B,B,1,0.0,0.0
outputs/grpo_v3/grpo/rollouts/4016_step55_g3.jsonl,4016,2,RECOMMEND,B,C,0,0.0,0.0
outputs/grpo_v3/grpo/rollouts/4016_step55_g3.jsonl,4016,3,RECOMMEND,B,C,0,0.0,0.0
outputs/grpo_v3/grpo/rollouts/4016_step55_g3.jsonl,4016,4,RECOMMEND,B,C,0,0.0,0.0
outputs/grpo_v3/grpo/rollouts/4016_step55_g3.jsonl,4016,5,EXTEND,B,C,0,0.0,0.0
outputs/grpo_v3/grpo/rollouts/4016_step55_g3.jsonl,4016,6,EXTEND,B,C,0,0.0,0.0
outputs/grpo_v3/grpo/rollouts/4016_step55_g4.jsonl,4016,0,EXTEND,B,B,1,0.0,0.0
outputs/grpo_v3/grpo/rollouts/4016_step55_g4.jsonl,4016,1,RECOMMEND,B,C,0,0.0,0.0
outputs/grpo_v3/grpo/rollouts/4016_step55_g5.jsonl,4016,0,EXTEND,B,B,1,0.0,0.0
outputs/grpo_v3/grpo/rollouts/4016_step7_g0.jsonl,4016,0,EXTEND,B,B,1,0.0,0.0
outputs/grpo_v3/grpo/rollouts/4016_step7_g0.jsonl,4016,1,EXTEND,B,C,0,0.0,0.0
outputs/grpo_v3/grpo/rollouts/4016_step7_g0.jsonl,4016,2,RECOMMEND,B,,,0.0,0.0
outputs/grpo_v3/grpo/rollouts/4016_step7_g0.jsonl,4016,3,EXTEND,B,,,0.0,0.0
outputs/grpo_v3/grpo/rollouts/4016_step7_g0.jsonl,4016,4,RECOMMEND,B,C,0,0.0,0.0
outputs/grpo_v3/grpo/rollouts/4016_step7_g0.jsonl,4016,5,EXTEND,B,B,1,0.0,0.0
outputs/grpo_v3/grpo/rollouts/4016_step7_g0.jsonl,4016,6,RECOMMEND,B,B,1,0.0,0.0
outputs/grpo_v3/grpo/rollouts/4016_step7_g0.jsonl,4016,7,RECOMMEND,B,B,1,0.0,0.0
outputs/grpo_v3/grpo/rollouts/4016_step7_g1.jsonl,4016,0,EXTEND,B,B,1,1.0,0.0
outputs/grpo_v3/grpo/rollouts/4016_step7_g1.jsonl,4016,1,RECOMMEND,B,B,1,1.0,0.0
outputs/grpo_v3/grpo/rollouts/4016_step7_g1.jsonl,4016,2,RECOMMEND,B,B,1,0.0,0.0
outputs/grpo_v3/grpo/rollouts/4016_step7_g1.jsonl,4016,3,RECOMMEND,B,B,1,1.0,0.0
outputs/grpo_v3/grpo/rollouts/4016_step7_g1.jsonl,4016,4,RECOMMEND,B,B,1,1.0,0.0
outputs/grpo_v3/grpo/rollouts/4016_step7_g1.jsonl,4016,5,RECOMMEND,B,B,1,1.0,0.0
outputs/grpo_v3/grpo/rollouts/4016_step7_g1.jsonl,4016,6,RECOMMEND,B,B,1,1.0,0.0
outputs/grpo_v3/grpo/rollouts/4016_step7_g1.jsonl,4016,7,RECOMMEND,B,B,1,1.0,0.0
outputs/grpo_v3/grpo/rollouts/4016_step7_g2.jsonl,4016,0,EXTEND,B,B,1,0.0,0.0
outputs/grpo_v3/grpo/rollouts/4016_step7_g2.jsonl,4016,1,RECOMMEND,B,B,1,0.0,0.0
outputs/grpo_v3/grpo/rollouts/4016_step7_g2.jsonl,4016,2,EXTEND,B,B,1,0.0,0.0
outputs/grpo_v3/grpo/rollouts/4016_step7_g2.jsonl,4016,3,EXTEND,B,C,0,0.0,0.0
outputs/grpo_v3/grpo/rollouts/4016_step7_g2.jsonl,4016,4,RECOMMEND,B,C,0,0.0,0.0
outputs/grpo_v3/grpo/rollouts/4016_step7_g2.jsonl,4016,5,EXTEND,B,B,1,0.0,0.0
outputs/grpo_v3/grpo/rollouts/4016_step7_g2.jsonl,4016,6,RECOMMEND,B,C,0,0.0,0.0
outputs/grpo_v3/grpo/rollouts/4016_step7_g2.jsonl,4016,7,EXTEND,B,B,1,0.0,0.0
outputs/grpo_v3/grpo/rollouts/4016_step7_g3.jsonl,4016,0,EXTEND,B,B,1,0.0,0.0
outputs/grpo_v3/grpo/rollouts/4016_step7_g3.jsonl,4016,1,RECOMMEND,B,B,1,0.0,0.0
outputs/grpo_v3/grpo/rollouts/4016_step7_g3.jsonl,4016,2,RECOMMEND,B,,,0.0,0.0
outputs/grpo_v3/grpo/rollouts/4016_step7_g3.jsonl,4016,3,EXTEND,B,B,1,0.0,0.0
outputs/grpo_v3/grpo/rollouts/4016_step7_g3.jsonl,4016,4,EXTEND,B,B,1,0.0,0.0
outputs/grpo_v3/grpo/rollouts/4016_step7_g3.jsonl,4016,5,RECOMMEND,B,C,0,0.0,0.0
outputs/grpo_v3/grpo/rollouts/4016_step7_g3.jsonl,4016,6,RECOMMEND,B,C,0,0.0,0.0
outputs/grpo_v3/grpo/rollouts/4016_step7_g3.jsonl,4016,7,EXTEND,B,C,0,0.0,0.0
outputs/grpo_v3/grpo/rollouts/4016_step7_g4.jsonl,4016,0,EXTEND,B,B,1,0.0,0.0
outputs/grpo_v3/grpo/rollouts/4016_step7_g4.jsonl,4016,1,RECOMMEND,B,B,1,0.0,0.0
outputs/grpo_v3/grpo/rollouts/4016_step7_g4.jsonl,4016,2,RECOMMEND,B,B,1,0.0,0.0
outputs/grpo_v3/grpo/rollouts/4016_step7_g4.jsonl,4016,3,EXTEND,B,B,1,0.0,0.0
outputs/grpo_v3/grpo/rollouts/4016_step7_g4.jsonl,4016,4,RECOMMEND,B,B,1,0.0,0.0
outputs/grpo_v3/grpo/rollouts/4016_step7_g4.jsonl,4016,5,RECOMMEND,B,B,1,0.0,0.0
outputs/grpo_v3/grpo/rollouts/4016_step7_g4.jsonl,4016,6,RECOMMEND,B,,,0.0,0.0
outputs/grpo_v3/grpo/rollouts/4016_step7_g4.jsonl,4016,7,RECOMMEND,B,C,0,0.0,0.0
outputs/grpo_v3/grpo/rollouts/4016_step7_g5.jsonl,4016,0,EXTEND,B,,,0.0,0.0
outputs/grpo_v3/grpo/rollouts/4016_step7_g5.jsonl,4016,1,EXTEND,B,C,0,0.0,0.0
outputs/grpo_v3/grpo/rollouts/4016_step7_g5.jsonl,4016,2,RECOMMEND,B,C,0,0.0,0.0
outputs/grpo_v3/grpo/rollouts/4016_step7_g5.jsonl,4016,3,EXTEND,B,B,1,0.0,0.0
outputs/grpo_v3/grpo/rollouts/4016_step7_g5.jsonl,4016,4,EXTEND,B,B,1,0.0,0.0
outputs/grpo_v3/grpo/rollouts/4016_step7_g5.jsonl,4016,5,EXTEND,B,C,0,0.0,0.0
outputs/grpo_v3/grpo/rollouts/4016_step7_g5.jsonl,4016,6,EXTEND,B,C,0,0.0,0.0
outputs/grpo_v3/grpo/rollouts/4016_step7_g5.jsonl,4016,7,EXTEND,B,,,0.0,0.0
outputs/grpo_v3/grpo/rollouts/4017_step18_g0.jsonl,4017,0,EXTEND,B,,,0.0,0.0
outputs/grpo_v3/grpo/rollouts/4017_step18_g0.jsonl,4017,1,RECOMMEND,B,C,0,0.0,0.0
outputs/grpo_v3/grpo/rollouts/4017_step18_g0.jsonl,4017,2,EXTEND,B,C,0,0.0,0.0
outputs/grpo_v3/grpo/rollouts/4017_step18_g0.jsonl,4017,3,RECOMMEND,B,,,0.0,0.0
outputs/grpo_v3/grpo/rollouts/4017_step18_g0.jsonl,4017,4,RECOMMEND,B,,,0.0,0.0
outputs/grpo_v3/grpo/rollouts/4017_step18_g0.jsonl,4017,5,RECOMMEND,B,C,0,0.0,0.0
outputs/grpo_v3/grpo/rollouts/4017_step18_g0.jsonl,4017,6,RECOMMEND,B,,,0.0,0.0
outputs/grpo_v3/grpo/rollouts/4017_step18_g0.jsonl,4017,7,RECOMMEND,B,,,0.0,0.0
outputs/grpo_v3/grpo/rollouts/4017_step18_g1.jsonl,4017,0,EXTEND,B,C,0,0.0,0.0
outputs/grpo_v3/grpo/rollouts/4017_step18_g1.jsonl,4017,1,RECOMMEND,B,C,0,0.0,0.0
outputs/grpo_v3/grpo/rollouts/4017_step18_g1.jsonl,4017,2,EXTEND,B,,,0.0,0.0
outputs/grpo_v3/grpo/rollouts/4017_step18_g1.jsonl,4017,3,EXTEND,B,,,0.0,0.0
outputs/grpo_v3/grpo/rollouts/4017_step18_g1.jsonl,4017,4,RECOMMEND,B,A,0,0.0,0.0
outputs/grpo_v3/grpo/rollouts/4017_step18_g2.jsonl,4017,0,EXTEND,B,,,0.0,0.0
outputs/grpo_v3/grpo/rollouts/4017_step18_g2.jsonl,4017,1,RECOMMEND,B,,,0.0,0.0
outputs/grpo_v3/grpo/rollouts/4017_step18_g2.jsonl,4017,2,EXTEND,B,C,0,0.0,0.0
outputs/grpo_v3/grpo/rollouts/4017_step18_g2.jsonl,4017,3,RECOMMEND,B,,,0.0,0.0
outputs/grpo_v3/grpo/rollouts/4017_step18_g2.jsonl,4017,4,RECOMMEND,B,C,0,0.0,0.0
outputs/grpo_v3/grpo/rollouts/4017_step18_g2.jsonl,4017,5,EXTEND,B,,,0.0,0.0
outputs/grpo_v3/grpo/rollouts/4017_step18_g2.jsonl,4017,6,RECOMMEND,B,C,0,0.0,0.0
outputs/grpo_v3/grpo/rollouts/4017_step18_g2.jsonl,4017,7,EXTEND,B,C,0,0.0,0.0
outputs/grpo_v3/grpo/rollouts/4017_step18_g3.jsonl,4017,0,EXTEND,B,A,0,0.0,0.0
outputs/grpo_v3/grpo/rollouts/4017_step18_g3.jsonl,4017,1,EXTEND,B,C,0,0.0,0.0
outputs/grpo_v3/grpo/rollouts/4017_step18_g3.jsonl,4017,2,RECOMMEND,B,C,0,0.0,0.0
outputs/grpo_v3/grpo/rollouts/4017_step18_g4.jsonl,4017,0,EXTEND,B,D,0,0.0,0.0
outputs/grpo_v3/grpo/rollouts/4017_step18_g4.jsonl,4017,1,RECOMMEND,B,,,0.0,0.0
outputs/grpo_v3/grpo/rollouts/4017_step18_g4.jsonl,4017,2,RECOMMEND,B,,,0.0,0.0
outputs/grpo_v3/grpo/rollouts/4017_step18_g4.jsonl,4017,3,RECOMMEND,B,,,0.0,0.0
outputs/grpo_v3/grpo/rollouts/4017_step18_g4.jsonl,4017,4,RECOMMEND,B,,,0.0,0.0
outputs/grpo_v3/grpo/rollouts/4017_step18_g4.jsonl,4017,5,RECOMMEND,B,,,0.0,0.0
outputs/grpo_v3/grpo/rollouts/4017_step18_g5.jsonl,4017,0,EXTEND,B,A,0,0.0,0.0
outputs/grpo_v3/grpo/rollouts/4017_step18_g5.jsonl,4017,1,RECOMMEND,B,,,0.0,0.0
outputs/grpo_v3/grpo/rollouts/4017_step18_g5.jsonl,4017,2,EXTEND,B,C,0,0.0,0.0
outputs/grpo_v3/grpo/rollouts/4017_step18_g5.jsonl,4017,3,RECOMMEND,B,,,0.0,0.0
outputs/grpo_v3/grpo/rollouts/4017_step18_g5.jsonl,4017,4,EXTEND,B,C,0,0.0,0.0
outputs/grpo_v3/grpo/rollouts/4017_step18_g5.jsonl,4017,5,EXTEND,B,C,0,0.0,0.0
outputs/grpo_v3/grpo/rollouts/4017_step18_g5.jsonl,4017,6,RECOMMEND,B,,,0.0,0.0
outputs/grpo_v3/grpo/rollouts/4017_step18_g5.jsonl,4017,7,RECOMMEND,B,,,0.0,0.0
outputs/grpo_v3/grpo/rollouts/4026_step45_g0.jsonl,4026,0,EXTEND,C,C,1,0.0,0.0
outputs/grpo_v3/grpo/rollouts/4026_step45_g0.jsonl,4026,1,RECOMMEND,C,A,0,0.0,0.0
outputs/grpo_v3/grpo/rollouts/4026_step45_g0.jsonl,4026,2,EXTEND,C,D,0,0.0,0.0
outputs/grpo_v3/grpo/rollouts/4026_step45_g0.jsonl,4026,3,EXTEND,C,C,1,0.0,0.0
outputs/grpo_v3/grpo/rollouts/4026_step45_g0.jsonl,4026,4,RECOMMEND,C,D,0,0.0,0.0
outputs/grpo_v3/grpo/rollouts/4026_step45_g0.jsonl,4026,5,RECOMMEND,C,D,0,0.0,0.0
outputs/grpo_v3/grpo/rollouts/4026_step45_g0.jsonl,4026,6,EXTEND,C,D,0,0.0,0.0
outputs/grpo_v3/grpo/rollouts/4026_step45_g1.jsonl,4026,0,EXTEND,C,D,0,0.0,0.0
outputs/grpo_v3/grpo/rollouts/4026_step45_g1.jsonl,4026,1,RECOMMEND,C,A,0,0.0,0.0
outputs/grpo_v3/grpo/rollouts/4026_step45_g1.jsonl,4026,2,EXTEND,C,C,1,0.0,0.0
outputs/grpo_v3/grpo/rollouts/4026_step45_g1.jsonl,4026,3,RECOMMEND,C,C,1,0.0,0.0
outputs/grpo_v3/grpo/rollouts/4026_step45_g1.jsonl,4026,4,RECOMMEND,C,C,1,1.0,0.0
outputs/grpo_v3/grpo/rollouts/4026_step45_g1.jsonl,4026,5,RECOMMEND,C,C,1,1.0,0.0
outputs/grpo_v3/grpo/rollouts/4026_step45_g1.jsonl,4026,6,RECOMMEND,C,C,1,1.0,0.0
outputs/grpo_v3/grpo/rollouts/4026_step45_g1.jsonl,4026,7,RECOMMEND,C,C,1,0.0,0.0
outputs/grpo_v3/grpo/rollouts/4026_step45_g2.jsonl,4026,0,EXTEND,C,A,0,0.0,0.0
outputs/grpo_v3/grpo/rollouts/4026_step45_g2.jsonl,4026,1,EXTEND,C,C,1,0.0,0.0
outputs/grpo_v3/grpo/rollouts/4026_step45_g2.jsonl,4026,2,RECOMMEND,C,A,0,0.0,0.0
outputs/grpo_v3/grpo/rollouts/4026_step45_g2.jsonl,4026,3,EXTEND,C,A,0,0.0,0.0
outputs/grpo_v3/grpo/rollouts/4026_step45_g2.jsonl,4026,4,RECOMMEND,C,C,1,0.0,0.0
outputs/grpo_v3/grpo/rollouts/4026_step45_g2.jsonl,4026,5,RECOMMEND,C,C,1,0.0,0.0
outputs/grpo_v3/grpo/rollouts/4026_step45_g2.jsonl,4026,6,RECOMMEND,C,C,1,0.0,0.0
outputs/grpo_v3/grpo/rollouts/4026_step45_g3.jsonl,4026,0,EXTEND,C,A,0,0.0,0.0
outputs/grpo_v3/grpo/rollouts/4026_step45_g3.jsonl,4026,1,EXTEND,C,A,0,0.0,0.0
outputs/grpo_v3/grpo/rollouts/4026_step45_g3.jsonl,4026,2,RECOMMEND,C,A,0,0.0,0.0
outputs/grpo_v3/grpo/rollouts/4026_step45_g3.jsonl,4026,3,RECOMMEND,C,A,0,0.0,0.0
outputs/grpo_v3/grpo/rollouts/4026_step45_g3.jsonl,4026,4,RECOMMEND,C,C,1,0.0,0.0
outputs/grpo_v3/grpo/rollouts/4026_step45_g3.jsonl,4026,5,RECOMMEND,C,,,0.0,0.0
outputs/grpo_v3/grpo/rollouts/4026_step45_g3.jsonl,4026,6,RECOMMEND,C,,,0.0,0.0
outputs/grpo_v3/grpo/rollouts/4026_step45_g4.jsonl,4026,0,EXTEND,C,A,0,0.0,0.0
outputs/grpo_v3/grpo/rollouts/4026_step45_g4.jsonl,4026,1,EXTEND,C,C,1,0.0,0.0
outputs/grpo_v3/grpo/rollouts/4026_step45_g4.jsonl,4026,2,RECOMMEND,C,A,0,0.0,0.0
outputs/grpo_v3/grpo/rollouts/4026_step45_g4.jsonl,4026,3,RECOMMEND,C,A,0,0.0,0.0
outputs/grpo_v3/grpo/rollouts/4026_step45_g4.jsonl,4026,4,RECOMMEND,C,C,1,0.0,0.0
outputs/grpo_v3/grpo/rollouts/4026_step45_g4.jsonl,4026,5,RECOMMEND,C,C,1,0.0,0.0
outputs/grpo_v3/grpo/rollouts/4026_step45_g4.jsonl,4026,6,RECOMMEND,C,C,1,0.0,0.0
outputs/grpo_v3/grpo/rollouts/4026_step45_g5.jsonl,4026,0,EXTEND,C,A,0,0.0,0.0
outputs/grpo_v3/grpo/rollouts/4026_step45_g5.jsonl,4026,1,RECOMMEND,C,A,0,0.0,0.0
outputs/grpo_v3/grpo/rollouts/4026_step45_g5.jsonl,4026,2,RECOMMEND,C,,,0.0,0.0
outputs/grpo_v3/grpo/rollouts/4026_step45_g5.jsonl,4026,3,EXTEND,C,A,0,0.0,0.0
outputs/grpo_v3/grpo/rollouts/4026_step45_g5.jsonl,4026,4,RECOMMEND,C,,,0.0,0.0
outputs/grpo_v3/grpo/rollouts/4026_step45_g5.jsonl,4026,5,RECOMMEND,C,,,0.0,0.0
outputs/grpo_v3/grpo/rollouts/4026_step45_g5.jsonl,4026,6,RECOMMEND,C,,,0.0,0.0
outputs/grpo_v3/grpo/rollouts/4027_step48_g0.jsonl,4027,0,EXTEND,A,A,1,0.0,0.0
outputs/grpo_v3/grpo/rollouts/4027_step48_g1.jsonl,4027,0,EXTEND,A,A,1,0.0,0.0
outputs/grpo_v3/grpo/rollouts/4027_step48_g2.jsonl,4027,0,EXTEND,A,A,1,0.0,0.0
outputs/grpo_v3/grpo/rollouts/4027_step48_g3.jsonl,4027,0,EXTEND,A,A,1,0.0,0.0
outputs/grpo_v3/grpo/rollouts/4027_step48_g4.jsonl,4027,0,EXTEND,A,A,1,0.0,0.0
outputs/grpo_v3/grpo/rollouts/4027_step48_g5.jsonl,4027,0,EXTEND,A,A,1,0.0,0.0
outputs/grpo_v3/grpo/rollouts/4029_step47_g0.jsonl,4029,0,EXTEND,C,C,1,0.0,0.0
outputs/grpo_v3/grpo/rollouts/4029_step47_g0.jsonl,4029,1,RECOMMEND,C,C,1,0.0,0.0
outputs/grpo_v3/grpo/rollouts/4029_step47_g0.jsonl,4029,2,RECOMMEND,C,,,0.0,0.0
outputs/grpo_v3/grpo/rollouts/4029_step47_g1.jsonl,4029,0,EXTEND,C,C,1,0.0,0.0
outputs/grpo_v3/grpo/rollouts/4029_step47_g1.jsonl,4029,1,EXTEND,C,C,1,0.0,0.0
outputs/grpo_v3/grpo/rollouts/4029_step47_g1.jsonl,4029,2,RECOMMEND,C,,,0.0,0.0
outputs/grpo_v3/grpo/rollouts/4029_step47_g1.jsonl,4029,3,RECOMMEND,C,C,1,0.0,0.0
outputs/grpo_v3/grpo/rollouts/4029_step47_g1.jsonl,4029,4,EXTEND,C,,,0.0,0.0
outputs/grpo_v3/grpo/rollouts/4029_step47_g1.jsonl,4029,5,EXTEND,C,,,0.0,0.0
outputs/grpo_v3/grpo/rollouts/4029_step47_g1.jsonl,4029,6,EXTEND,C,,,0.0,0.0
outputs/grpo_v3/grpo/rollouts/4029_step47_g1.jsonl,4029,7,RECOMMEND,C,,,0.0,0.0
outputs/grpo_v3/grpo/rollouts/4029_step47_g2.jsonl,4029,0,EXTEND,C,C,1,0.0,0.0
outputs/grpo_v3/grpo/rollouts/4029_step47_g2.jsonl,4029,1,RECOMMEND,C,,,0.0,0.0
outputs/grpo_v3/grpo/rollouts/4029_step47_g2.jsonl,4029,2,EXTEND,C,C,1,0.0,0.0
outputs/grpo_v3/grpo/rollouts/4029_step47_g2.jsonl,4029,3,RECOMMEND,C,C,1,0.0,0.0
outputs/grpo_v3/grpo/rollouts/4029_step47_g2.jsonl,4029,4,EXTEND,C,C,1,0.0,0.0
outputs/grpo_v3/grpo/rollouts/4029_step47_g2.jsonl,4029,5,EXTEND,C,C,1,0.0,0.0
outputs/grpo_v3/grpo/rollouts/4029_step47_g2.jsonl,4029,6,RECOMMEND,C,D,0,0.0,0.0
outputs/grpo_v3/grpo/rollouts/4029_step47_g2.jsonl,4029,7,EXTEND,C,D,0,0.0,0.0
outputs/grpo_v3/grpo/rollouts/4029_step47_g3.jsonl,4029,0,EXTEND,C,C,1,0.0,0.0
outputs/grpo_v3/grpo/rollouts/4029_step47_g3.jsonl,4029,1,RECOMMEND,C,C,1,0.0,0.0
outputs/grpo_v3/grpo/rollouts/4029_step47_g3.jsonl,4029,2,EXTEND,C,C,1,0.0,0.0
outputs/grpo_v3/grpo/rollouts/4029_step47_g3.jsonl,4029,3,EXTEND,C,,,0.0,0.0
outputs/grpo_v3/grpo/rollouts/4029_step47_g3.jsonl,4029,4,RECOMMEND,C,,,0.0,0.0
outputs/grpo_v3/grpo/rollouts/4029_step47_g3.jsonl,4029,5,RECOMMEND,C,,,0.0,0.0
outputs/grpo_v3/grpo/rollouts/4029_step47_g3.jsonl,4029,6,RECOMMEND,C,C,1,0.0,0.0
outputs/grpo_v3/grpo/rollouts/4029_step47_g3.jsonl,4029,7,RECOMMEND,C,C,1,0.0,0.0
outputs/grpo_v3/grpo/rollouts/4029_step47_g4.jsonl,4029,0,EXTEND,C,C,1,0.0,0.0
outputs/grpo_v3/grpo/rollouts/4029_step47_g4.jsonl,4029,1,EXTEND,C,C,1,0.0,0.0
outputs/grpo_v3/grpo/rollouts/4029_step47_g4.jsonl,4029,2,EXTEND,C,C,1,0.0,0.0
outputs/grpo_v3/grpo/rollouts/4029_step47_g4.jsonl,4029,3,EXTEND,C,C,1,0.0,0.0
outputs/grpo_v3/grpo/rollouts/4029_step47_g4.jsonl,4029,4,RECOMMEND,C,B,0,0.0,0.0
outputs/grpo_v3/grpo/rollouts/4029_step47_g4.jsonl,4029,5,EXTEND,C,,,0.0,0.0
outputs/grpo_v3/grpo/rollouts/4029_step47_g4.jsonl,4029,6,EXTEND,C,,,0.0,0.0
outputs/grpo_v3/grpo/rollouts/4029_step47_g4.jsonl,4029,7,RECOMMEND,C,,,0.0,0.0
outputs/grpo_v3/grpo/rollouts/4029_step47_g5.jsonl,4029,0,EXTEND,C,,,0.0,0.0
outputs/grpo_v3/grpo/rollouts/4029_step47_g5.jsonl,4029,1,EXTEND,C,,,0.0,0.0
outputs/grpo_v3/grpo/rollouts/4029_step47_g5.jsonl,4029,2,EXTEND,C,,,0.0,0.0
outputs/grpo_v3/grpo/rollouts/4029_step47_g5.jsonl,4029,3,EXTEND,C,C,1,0.0,0.0
outputs/grpo_v3/grpo/rollouts/4029_step47_g5.jsonl,4029,4,EXTEND,C,,,0.0,0.0
outputs/grpo_v3/grpo/rollouts/4029_step47_g5.jsonl,4029,5,EXTEND,C,C,1,0.0,0.0
outputs/grpo_v3/grpo/rollouts/4029_step47_g5.jsonl,4029,6,EXTEND,C,C,1,0.0,0.0
outputs/grpo_v3/grpo/rollouts/4029_step47_g5.jsonl,4029,7,EXTEND,C,,,0.0,0.0
outputs/grpo_v3/grpo/rollouts/4029_step50_g0.jsonl,4029,0,EXTEND,C,C,1,0.0,0.0
outputs/grpo_v3/grpo/rollouts/4029_step50_g1.jsonl,4029,0,EXTEND,C,C,1,0.0,0.0
outputs/grpo_v3/grpo/rollouts/4029_step50_g2.jsonl,4029,0,EXTEND,C,C,1,0.0,0.0
outputs/grpo_v3/grpo/rollouts/4029_step50_g3.jsonl,4029,0,EXTEND,C,C,1,0.0,0.0
outputs/grpo_v3/grpo/rollouts/4029_step50_g4.jsonl,4029,0,EXTEND,C,C,1,0.0,0.0
outputs/grpo_v3/grpo/rollouts/4029_step50_g5.jsonl,4029,0,EXTEND,C,C,1,0.0,0.0
outputs/grpo_v3/grpo/rollouts/5032_step25_g0.jsonl,5032,0,EXTEND,A,A,1,0.0,0.0
outputs/grpo_v3/grpo/rollouts/5032_step25_g0.jsonl,5032,1,RECOMMEND,A,A,1,0.0,0.0
outputs/grpo_v3/grpo/rollouts/5032_step25_g0.jsonl,5032,2,RECOMMEND,A,A,1,0.0,0.0
outputs/grpo_v3/grpo/rollouts/5032_step25_g1.jsonl,5032,0,EXTEND,A,,,0.0,0.0
outputs/grpo_v3/grpo/rollouts/5032_step25_g1.jsonl,5032,1,RECOMMEND,A,A,1,0.0,0.0
outputs/grpo_v3/grpo/rollouts/5032_step25_g1.jsonl,5032,2,EXTEND,A,A,1,0.0,0.0
outputs/grpo_v3/grpo/rollouts/5032_step25_g1.jsonl,5032,3,EXTEND,A,A,1,0.0,0.0
outputs/grpo_v3/grpo/rollouts/5032_step25_g1.jsonl,5032,4,RECOMMEND,A,,,0.0,0.0
outputs/grpo_v3/grpo/rollouts/5032_step25_g1.jsonl,5032,5,EXTEND,A,A,1,0.0,0.0
outputs/grpo_v3/grpo/rollouts/5032_step25_g1.jsonl,5032,6,RECOMMEND,A,,,0.0,0.0
outputs/grpo_v3/grpo/rollouts/5032_step25_g1.jsonl,5032,7,RECOMMEND,A,A,1,0.0,0.0
outputs/grpo_v3/grpo/rollouts/5032_step25_g2.jsonl,5032,0,EXTEND,A,A,1,0.0,0.0
outputs/grpo_v3/grpo/rollouts/5032_step25_g2.jsonl,5032,1,RECOMMEND,A,A,1,0.0,0.0
outputs/grpo_v3/grpo/rollouts/5032_step25_g2.jsonl,5032,2,EXTEND,A,A,1,0.0,0.0
outputs/grpo_v3/grpo/rollouts/5032_step25_g2.jsonl,5032,3,EXTEND,A,A,1,0.0,0.0
outputs/grpo_v3/grpo/rollouts/5032_step25_g2.jsonl,5032,4,RECOMMEND,A,,,0.0,0.0
outputs/grpo_v3/grpo/rollouts/5032_step25_g2.jsonl,5032,5,EXTEND,A,A,1,0.0,0.0
outputs/grpo_v3/grpo/rollouts/5032_step25_g2.jsonl,5032,6,EXTEND,A,,,0.0,0.0
outputs/grpo_v3/grpo/rollouts/5032_step25_g2.jsonl,5032,7,EXTEND,A,A,1,0.0,0.0
outputs/grpo_v3/grpo/rollouts/5032_step25_g3.jsonl,5032,0,EXTEND,A,A,1,0.0,0.0
outputs/grpo_v3/grpo/rollouts/5032_step25_g3.jsonl,5032,1,RECOMMEND,A,A,1,0.0,0.0
outputs/grpo_v3/grpo/rollouts/5032_step25_g3.jsonl,5032,2,EXTEND,A,A,1,0.0,0.0
outputs/grpo_v3/grpo/rollouts/5032_step25_g3.jsonl,5032,3,RECOMMEND,A,A,1,0.0,0.0
outputs/grpo_v3/grpo/rollouts/5032_step25_g3.jsonl,5032,4,EXTEND,A,A,1,0.0,0.0
outputs/grpo_v3/grpo/rollouts/5032_step25_g3.jsonl,5032,5,RECOMMEND,A,A,1,0.0,0.0
outputs/grpo_v3/grpo/rollouts/5032_step25_g3.jsonl,5032,6,RECOMMEND,A,A,1,0.0,0.0
outputs/grpo_v3/grpo/rollouts/5032_step25_g3.jsonl,5032,7,EXTEND,A,A,1,0.0,0.0
outputs/grpo_v3/grpo/rollouts/5032_step25_g4.jsonl,5032,0,EXTEND,A,A,1,0.0,0.0
outputs/grpo_v3/grpo/rollouts/5032_step25_g4.jsonl,5032,1,RECOMMEND,A,A,1,0.0,0.0
outputs/grpo_v3/grpo/rollouts/5032_step25_g4.jsonl,5032,2,EXTEND,A,A,1,0.0,0.0
outputs/grpo_v3/grpo/rollouts/5032_step25_g4.jsonl,5032,3,RECOMMEND,A,A,1,0.0,0.0
outputs/grpo_v3/grpo/rollouts/5032_step25_g4.jsonl,5032,4,EXTEND,A,A,1,0.0,0.0
outputs/grpo_v3/grpo/rollouts/5032_step25_g4.jsonl,5032,5,RECOMMEND,A,A,1,0.0,0.0
outputs/grpo_v3/grpo/rollouts/5032_step25_g4.jsonl,5032,6,RECOMMEND,A,A,1,0.0,0.0
outputs/grpo_v3/grpo/rollouts/5032_step25_g4.jsonl,5032,7,EXTEND,A,A,1,0.0,0.0
outputs/grpo_v3/grpo/rollouts/5032_step25_g5.jsonl,5032,0,EXTEND,A,A,1,0.0,0.0
outputs/grpo_v3/grpo/rollouts/5032_step25_g5.jsonl,5032,1,RECOMMEND,A,A,1,0.0,0.0
outputs/grpo_v3/grpo/rollouts/5032_step25_g5.jsonl,5032,2,EXTEND,A,A,1,0.0,0.0
outputs/grpo_v3/grpo/rollouts/5032_step25_g5.jsonl,5032,3,RECOMMEND,A,A,1,0.0,0.0
outputs/grpo_v3/grpo/rollouts/5032_step25_g5.jsonl,5032,4,EXTEND,A,A,1,0.0,0.0
outputs/grpo_v3/grpo/rollouts/5032_step25_g5.jsonl,5032,5,EXTEND,A,A,1,0.0,0.0
outputs/grpo_v3/grpo/rollouts/5032_step25_g5.jsonl,5032,6,RECOMMEND,A,A,1,0.0,0.0
outputs/grpo_v3/grpo/rollouts/5032_step25_g5.jsonl,5032,7,RECOMMEND,A,,,0.0,0.0
outputs/grpo_v3/grpo/rollouts/5032_step44_g0.jsonl,5032,0,EXTEND,A,A,1,0.0,0.0
outputs/grpo_v3/grpo/rollouts/5032_step44_g0.jsonl,5032,1,RECOMMEND,A,A,1,0.0,0.0
outputs/grpo_v3/grpo/rollouts/5032_step44_g1.jsonl,5032,0,EXTEND,A,A,1,0.0,0.0
outputs/grpo_v3/grpo/rollouts/5032_step44_g1.jsonl,5032,1,RECOMMEND,A,A,1,0.0,0.0
outputs/grpo_v3/grpo/rollouts/5032_step44_g2.jsonl,5032,0,EXTEND,A,C,0,0.0,0.0
outputs/grpo_v3/grpo/rollouts/5032_step44_g2.jsonl,5032,1,EXTEND,A,C,0,0.0,0.0
outputs/grpo_v3/grpo/rollouts/5032_step44_g2.jsonl,5032,2,EXTEND,A,C,0,0.0,0.0
outputs/grpo_v3/grpo/rollouts/5032_step44_g2.jsonl,5032,3,EXTEND,A,A,1,0.0,0.0
outputs/grpo_v3/grpo/rollouts/5032_step44_g2.jsonl,5032,4,EXTEND,A,A,1,0.0,0.0
outputs/grpo_v3/grpo/rollouts/5032_step44_g2.jsonl,5032,5,EXTEND,A,,,0.0,0.0
outputs/grpo_v3/grpo/rollouts/5032_step44_g2.jsonl,5032,6,RECOMMEND,A,A,1,0.0,0.0
outputs/grpo_v3/grpo/rollouts/5032_step44_g2.jsonl,5032,7,RECOMMEND,A,A,1,0.0,0.0
outputs/grpo_v3/grpo/rollouts/5032_step44_g3.jsonl,5032,0,EXTEND,A,C,0,0.0,0.0
outputs/grpo_v3/grpo/rollouts/5032_step44_g3.jsonl,5032,1,RECOMMEND,A,C,0,0.0,0.0
outputs/grpo_v3/grpo/rollouts/5032_step44_g3.jsonl,5032,2,RECOMMEND,A,A,1,0.0,0.0
outputs/grpo_v3/grpo/rollouts/5032_step44_g3.jsonl,5032,3,EXTEND,A,A,1,0.0,0.0
outputs/grpo_v3/grpo/rollouts/5032_step44_g3.jsonl,5032,4,EXTEND,A,A,1,0.0,0.0
outputs/grpo_v3/grpo/rollouts/5032_step44_g3.jsonl,5032,5,EXTEND,A,A,1,0.0,0.0
outputs/grpo_v3/grpo/rollouts/5032_step44_g3.jsonl,5032,6,RECOMMEND,A,,,0.0,0.0
outputs/grpo_v3/grpo/rollouts/5032_step44_g3.jsonl,5032,7,EXTEND,A,A,1,0.0,0.0
outputs/grpo_v3/grpo/rollouts/5032_step44_g4.jsonl,5032,0,EXTEND,A,A,1,0.0,0.0
outputs/grpo_v3/grpo/rollouts/5032_step44_g4.jsonl,5032,1,EXTEND,A,A,1,0.0,0.0
outputs/grpo_v3/grpo/rollouts/5032_step44_g5.jsonl,5032,0,EXTEND,A,C,0,0.0,0.0
outputs/grpo_v3/grpo/rollouts/5032_step44_g5.jsonl,5032,1,RECOMMEND,A,C,0,0.0,0.0
outputs/grpo_v3/grpo/rollouts/5032_step44_g5.jsonl,5032,2,RECOMMEND,A,C,0,0.0,0.0
outputs/grpo_v3/grpo/rollouts/5032_step44_g5.jsonl,5032,3,RECOMMEND,A,C,0,0.0,0.0
outputs/grpo_v3/grpo/rollouts/5032_step44_g5.jsonl,5032,4,RECOMMEND,A,C,0,0.0,0.0
outputs/grpo_v3/grpo/rollouts/5032_step44_g5.jsonl,5032,5,RECOMMEND,A,,,0.0,0.0
outputs/grpo_v3/grpo/rollouts/5032_step44_g5.jsonl,5032,6,RECOMMEND,A,B,0,0.0,0.0
outputs/grpo_v3/grpo/rollouts/5032_step44_g5.jsonl,5032,7,RECOMMEND,A,B,0,0.0,0.0
outputs/grpo_v3/grpo/rollouts/5032_step56_g0.jsonl,5032,0,EXTEND,A,,,0.0,0.0
outputs/grpo_v3/grpo/rollouts/5032_step56_g1.jsonl,5032,0,EXTEND,A,A,1,0.0,0.0
outputs/grpo_v3/grpo/rollouts/5032_step56_g2.jsonl,5032,0,EXTEND,A,,,0.0,0.0
outputs/grpo_v3/grpo/rollouts/5032_step56_g3.jsonl,5032,0,EXTEND,A,A,1,0.0,0.0
outputs/grpo_v3/grpo/rollouts/5032_step56_g4.jsonl,5032,0,EXTEND,A,A,1,0.0,0.0
outputs/grpo_v3/grpo/rollouts/5032_step56_g5.jsonl,5032,0,EXTEND,A,A,1,0.0,0.0
outputs/grpo_v3/grpo/rollouts/5057_step13_g0.jsonl,5057,0,EXTEND,C,B,0,0.0,0.0
outputs/grpo_v3/grpo/rollouts/5057_step13_g0.jsonl,5057,1,RECOMMEND,C,A,0,0.0,0.0
outputs/grpo_v3/grpo/rollouts/5057_step13_g1.jsonl,5057,0,EXTEND,C,A,0,0.0,0.0
outputs/grpo_v3/grpo/rollouts/5057_step13_g1.jsonl,5057,1,RECOMMEND,C,A,0,0.0,0.0
outputs/grpo_v3/grpo/rollouts/5057_step13_g1.jsonl,5057,2,RECOMMEND,C,A,0,0.0,0.0
outputs/grpo_v3/grpo/rollouts/5057_step13_g1.jsonl,5057,3,EXTEND,C,,,0.0,0.0
outputs/grpo_v3/grpo/rollouts/5057_step13_g1.jsonl,5057,4,RECOMMEND,C,A,0,0.0,0.0
outputs/grpo_v3/grpo/rollouts/5057_step13_g1.jsonl,5057,5,RECOMMEND,C,A,0,0.0,0.0
outputs/grpo_v3/grpo/rollouts/5057_step13_g1.jsonl,5057,6,RECOMMEND,C,A,0,0.0,0.0
outputs/grpo_v3/grpo/rollouts/5057_step13_g2.jsonl,5057,0,EXTEND,C,A,0,0.0,0.0
outputs/grpo_v3/grpo/rollouts/5057_step13_g2.jsonl,5057,1,RECOMMEND,C,A,0,0.0,0.0
outputs/grpo_v3/grpo/rollouts/5057_step13_g2.jsonl,5057,2,RECOMMEND,C,A,0,0.0,0.0
outputs/grpo_v3/grpo/rollouts/5057_step13_g2.jsonl,5057,3,RECOMMEND,C,,,0.0,0.0
outputs/grpo_v3/grpo/rollouts/5057_step13_g2.jsonl,5057,4,RECOMMEND,C,,,0.0,0.0
outputs/grpo_v3/grpo/rollouts/5057_step13_g2.jsonl,5057,5,RECOMMEND,C,C,1,0.0,0.0
outputs/grpo_v3/grpo/rollouts/5057_step13_g2.jsonl,5057,6,RECOMMEND,C,C,1,0.0,0.0
outputs/grpo_v3/grpo/rollouts/5057_step13_g3.jsonl,5057,0,EXTEND,C,,,0.0,0.0
outputs/grpo_v3/grpo/rollouts/5057_step13_g3.jsonl,5057,1,RECOMMEND,C,,,0.0,0.0
outputs/grpo_v3/grpo/rollouts/5057_step13_g4.jsonl,5057,0,EXTEND,C,A,0,0.0,0.0
outputs/grpo_v3/grpo/rollouts/5057_step13_g4.jsonl,5057,1,EXTEND,C,B,0,0.0,0.0
outputs/grpo_v3/grpo/rollouts/5057_step13_g5.jsonl,5057,0,EXTEND,C,A,0,0.0,0.0
outputs/grpo_v3/grpo/rollouts/5057_step13_g5.jsonl,5057,1,EXTEND,C,A,0,0.0,0.0
outputs/grpo_v3/grpo/rollouts/5057_step65_g0.jsonl,5057,0,EXTEND,C,A,0,0.0,0.0
outputs/grpo_v3/grpo/rollouts/5057_step65_g0.jsonl,5057,1,RECOMMEND,C,,,0.0,0.0
outputs/grpo_v3/grpo/rollouts/5057_step65_g0.jsonl,5057,2,RECOMMEND,C,,,0.0,0.0
outputs/grpo_v3/grpo/rollouts/5057_step65_g0.jsonl,5057,3,RECOMMEND,C,,,0.0,0.0
outputs/grpo_v3/grpo/rollouts/5057_step65_g0.jsonl,5057,4,RECOMMEND,C,,,0.0,0.0
outputs/grpo_v3/grpo/rollouts/5057_step65_g0.jsonl,5057,5,RECOMMEND,C,,,0.0,0.0
outputs/grpo_v3/grpo/rollouts/5057_step65_g0.jsonl,5057,6,RECOMMEND,C,,,0.0,0.0
outputs/grpo_v3/grpo/rollouts/5057_step65_g0.jsonl,5057,7,RECOMMEND,C,,,0.0,0.0
outputs/grpo_v3/grpo/rollouts/5057_step65_g1.jsonl,5057,0,EXTEND,C,A,0,0.0,0.0
outputs/grpo_v3/grpo/rollouts/5057_step65_g1.jsonl,5057,1,RECOMMEND,C,A,0,0.0,0.0
outputs/grpo_v3/grpo/rollouts/5057_step65_g1.jsonl,5057,2,EXTEND,C,A,0,0.0,0.0
outputs/grpo_v3/grpo/rollouts/5057_step65_g1.jsonl,5057,3,EXTEND,C,A,0,0.0,0.0
outputs/grpo_v3/grpo/rollouts/5057_step65_g2.jsonl,5057,0,EXTEND,C,C,1,0.0,0.0
outputs/grpo_v3/grpo/rollouts/5057_step65_g2.jsonl,5057,1,RECOMMEND,C,C,1,0.0,0.0
outputs/grpo_v3/grpo/rollouts/5057_step65_g2.jsonl,5057,2,RECOMMEND,C,C,1,0.0,0.0
outputs/grpo_v3/grpo/rollouts/5057_step65_g2.jsonl,5057,3,RECOMMEND,C,C,1,0.0,0.0
outputs/grpo_v3/grpo/rollouts/5057_step65_g3.jsonl,5057,0,EXTEND,C,,,0.0,0.0
outputs/grpo_v3/grpo/rollouts/5057_step65_g3.jsonl,5057,1,RECOMMEND,C,A,0,0.0,0.0
outputs/grpo_v3/grpo/rollouts/5057_step65_g3.jsonl,5057,2,RECOMMEND,C,A,0,0.0,0.0
outputs/grpo_v3/grpo/rollouts/5057_step65_g3.jsonl,5057,3,RECOMMEND,C,A,0,0.0,0.0
outputs/grpo_v3/grpo/rollouts/5057_step65_g4.jsonl,5057,0,EXTEND,C,A,0,0.0,0.0
outputs/grpo_v3/grpo/rollouts/5057_step65_g4.jsonl,5057,1,RECOMMEND,C,A,0,0.0,0.0
outputs/grpo_v3/grpo/rollouts/5057_step65_g4.jsonl,5057,2,RECOMMEND,C,A,0,0.0,0.0
outputs/grpo_v3/grpo/rollouts/5057_step65_g4.jsonl,5057,3,EXTEND,C,,,0.0,0.0
outputs/grpo_v3/grpo/rollouts/5057_step65_g4.jsonl,5057,4,RECOMMEND,C,A,0,0.0,0.0
outputs/grpo_v3/grpo/rollouts/5057_step65_g4.jsonl,5057,5,EXTEND,C,,,0.0,0.0
outputs/grpo_v3/grpo/rollouts/5057_step65_g4.jsonl,5057,6,RECOMMEND,C,,,0.0,0.0
outputs/grpo_v3/grpo/rollouts/5057_step65_g4.jsonl,5057,7,RECOMMEND,C,,,0.0,0.0
outputs/grpo_v3/grpo/rollouts/5057_step65_g5.jsonl,5057,0,EXTEND,C,A,0,0.0,0.0
outputs/grpo_v3/grpo/rollouts/5057_step65_g5.jsonl,5057,1,RECOMMEND,C,D,0,0.0,0.0
outputs/grpo_v3/grpo/rollouts/5057_step65_g5.jsonl,5057,2,RECOMMEND,C,C,1,0.0,0.0
outputs/grpo_v3/grpo/rollouts/5057_step65_g5.jsonl,5057,3,RECOMMEND,C,,,0.0,0.0
outputs/grpo_v3/grpo/rollouts/5057_step65_g5.jsonl,5057,4,EXTEND,C,B,0,0.0,0.0
outputs/grpo_v3/grpo/rollouts/5057_step65_g5.jsonl,5057,5,RECOMMEND,C,B,0,0.0,0.0
outputs/grpo_v3/grpo/rollouts/5057_step65_g5.jsonl,5057,6,EXTEND,C,B,0,0.0,0.0
outputs/grpo_v3/grpo/rollouts/5057_step65_g5.jsonl,5057,7,RECOMMEND,C,B,0,0.0,0.0
outputs/grpo_v3/grpo/rollouts/5104_step34_g0.jsonl,5104,0,EXTEND,C,A,0,0.0,0.0
outputs/grpo_v3/grpo/rollouts/5104_step34_g1.jsonl,5104,0,EXTEND,C,A,0,0.0,0.0
outputs/grpo_v3/grpo/rollouts/5104_step34_g2.jsonl,5104,0,EXTEND,C,A,0,0.0,0.0
outputs/grpo_v3/grpo/rollouts/5104_step34_g3.jsonl,5104,0,EXTEND,C,,,0.0,0.0
outputs/grpo_v3/grpo/rollouts/5104_step34_g4.jsonl,5104,0,EXTEND,C,,,0.0,0.0
outputs/grpo_v3/grpo/rollouts/5104_step34_g5.jsonl,5104,0,EXTEND,C,A,0,0.0,0.0
outputs/grpo_v3/grpo/rollouts/5107_step49_g0.jsonl,5107,0,EXTEND,C,,,0.0,0.0
outputs/grpo_v3/grpo/rollouts/5107_step49_g1.jsonl,5107,0,EXTEND,C,C,1,0.0,0.0
outputs/grpo_v3/grpo/rollouts/5107_step49_g2.jsonl,5107,0,EXTEND,C,C,1,0.0,0.0
outputs/grpo_v3/grpo/rollouts/5107_step49_g3.jsonl,5107,0,EXTEND,C,C,1,0.0,0.0
outputs/grpo_v3/grpo/rollouts/5107_step49_g4.jsonl,5107,0,EXTEND,C,,,0.0,0.0
outputs/grpo_v3/grpo/rollouts/5107_step49_g5.jsonl,5107,0,EXTEND,C,C,1,0.0,0.0
outputs/grpo_v3/grpo/rollouts/5107_step66_g0.jsonl,5107,0,EXTEND,C,C,1,0.0,0.0
outputs/grpo_v3/grpo/rollouts/5107_step66_g0.jsonl,5107,1,RECOMMEND,C,C,1,0.0,0.0
outputs/grpo_v3/grpo/rollouts/5107_step66_g0.jsonl,5107,2,RECOMMEND,C,C,1,0.0,0.0
outputs/grpo_v3/grpo/rollouts/5107_step66_g1.jsonl,5107,0,EXTEND,C,,,0.0,0.0
outputs/grpo_v3/grpo/rollouts/5107_step66_g1.jsonl,5107,1,RECOMMEND,C,C,1,0.0,0.0
outputs/grpo_v3/grpo/rollouts/5107_step66_g1.jsonl,5107,2,EXTEND,C,C,1,0.0,0.0
outputs/grpo_v3/grpo/rollouts/5107_step66_g2.jsonl,5107,0,EXTEND,C,,,0.0,0.0
outputs/grpo_v3/grpo/rollouts/5107_step66_g2.jsonl,5107,1,RECOMMEND,C,C,1,0.0,0.0
outputs/grpo_v3/grpo/rollouts/5107_step66_g3.jsonl,5107,0,EXTEND,C,C,1,0.0,0.0
outputs/grpo_v3/grpo/rollouts/5107_step66_g3.jsonl,5107,1,RECOMMEND,C,C,1,1.0,0.0
outputs/grpo_v3/grpo/rollouts/5107_step66_g3.jsonl,5107,2,EXTEND,C,C,1,0.0,0.0
outputs/grpo_v3/grpo/rollouts/5107_step66_g4.jsonl,5107,0,EXTEND,C,,,0.0,0.0
outputs/grpo_v3/grpo/rollouts/5107_step66_g4.jsonl,5107,1,EXTEND,C,,,0.0,0.0
outputs/grpo_v3/grpo/rollouts/5107_step66_g4.jsonl,5107,2,RECOMMEND,C,C,1,0.0,0.0
outputs/grpo_v3/grpo/rollouts/5107_step66_g5.jsonl,5107,0,EXTEND,C,C,1,0.0,0.0
outputs/grpo_v3/grpo/rollouts/5107_step66_g5.jsonl,5107,1,RECOMMEND,C,C,1,0.0,0.0
outputs/grpo_v3/grpo/rollouts/5107_step66_g5.jsonl,5107,2,EXTEND,C,C,1,0.0,0.0
outputs/grpo_v3/grpo/rollouts/5108_step51_g0.jsonl,5108,0,EXTEND,B,C,0,0.0,0.0
outputs/grpo_v3/grpo/rollouts/5108_step51_g0.jsonl,5108,1,RECOMMEND,B,C,0,0.0,0.0
outputs/grpo_v3/grpo/rollouts/5108_step51_g1.jsonl,5108,0,EXTEND,B,C,0,0.0,0.0
outputs/grpo_v3/grpo/rollouts/5108_step51_g1.jsonl,5108,1,RECOMMEND,B,C,0,0.0,0.0
outputs/grpo_v3/grpo/rollouts/5108_step51_g2.jsonl,5108,0,EXTEND,B,C,0,0.0,0.0
outputs/grpo_v3/grpo/rollouts/5108_step51_g2.jsonl,5108,1,RECOMMEND,B,,,0.0,0.0
outputs/grpo_v3/grpo/rollouts/5108_step51_g2.jsonl,5108,2,RECOMMEND,B,B,1,0.0,0.0
outputs/grpo_v3/grpo/rollouts/5108_step51_g2.jsonl,5108,3,RECOMMEND,B,B,1,0.0,0.0
outputs/grpo_v3/grpo/rollouts/5108_step51_g3.jsonl,5108,0,EXTEND,B,,,0.0,0.0
outputs/grpo_v3/grpo/rollouts/5108_step51_g3.jsonl,5108,1,EXTEND,B,C,0,0.0,0.0
outputs/grpo_v3/grpo/rollouts/5108_step51_g3.jsonl,5108,2,EXTEND,B,C,0,0.0,0.0
outputs/grpo_v3/grpo/rollouts/5108_step51_g3.jsonl,5108,3,EXTEND,B,C,0,0.0,0.0
outputs/grpo_v3/grpo/rollouts/5108_step51_g4.jsonl,5108,0,EXTEND,B,C,0,0.0,0.0
outputs/grpo_v3/grpo/rollouts/5108_step51_g4.jsonl,5108,1,EXTEND,B,C,0,0.0,0.0
outputs/grpo_v3/grpo/rollouts/5108_step51_g4.jsonl,5108,2,EXTEND,B,C,0,0.0,0.0
outputs/grpo_v3/grpo/rollouts/5108_step51_g4.jsonl,5108,3,RECOMMEND,B,,,0.0,0.0
outputs/grpo_v3/grpo/rollouts/5108_step51_g4.jsonl,5108,4,EXTEND,B,C,0,0.0,0.0
outputs/grpo_v3/grpo/rollouts/5108_step51_g4.jsonl,5108,5,RECOMMEND,B,C,0,0.0,0.0
outputs/grpo_v3/grpo/rollouts/5108_step51_g4.jsonl,5108,6,RECOMMEND,B,C,0,0.0,0.0
outputs/grpo_v3/grpo/rollouts/5108_step51_g5.jsonl,5108,0,EXTEND,B,C,0,0.0,0.0
outputs/grpo_v3/grpo/rollouts/5108_step51_g5.jsonl,5108,1,RECOMMEND,B,C,0,0.0,0.0
outputs/grpo_v3/grpo/rollouts/5111_step58_g0.jsonl,5111,0,EXTEND,C,,,0.0,0.0
outputs/grpo_v3/grpo/rollouts/5111_step58_g0.jsonl,5111,1,RECOMMEND,C,A,0,0.0,0.0
outputs/grpo_v3/grpo/rollouts/5111_step58_g0.jsonl,5111,2,RECOMMEND,C,,,0.0,0.0
outputs/grpo_v3/grpo/rollouts/5111_step58_g0.jsonl,5111,3,RECOMMEND,C,C,1,0.0,0.0
outputs/grpo_v3/grpo/rollouts/5111_step58_g0.jsonl,5111,4,RECOMMEND,C,,,0.0,0.0
outputs/grpo_v3/grpo/rollouts/5111_step58_g0.jsonl,5111,5,RECOMMEND,C,C,1,0.0,0.0
outputs/grpo_v3/grpo/rollouts/5111_step58_g1.jsonl,5111,0,EXTEND,C,D,0,0.0,0.0
outputs/grpo_v3/grpo/rollouts/5111_step58_g1.jsonl,5111,1,RECOMMEND,C,,,0.0,0.0
outputs/grpo_v3/grpo/rollouts/5111_step58_g1.jsonl,5111,2,RECOMMEND,C,A,0,0.0,0.0
outputs/grpo_v3/grpo/rollouts/5111_step58_g1.jsonl,5111,3,RECOMMEND,C,D,0,0.0,0.0
outputs/grpo_v3/grpo/rollouts/5111_step58_g1.jsonl,5111,4,RECOMMEND,C,,,0.0,0.0
outputs/grpo_v3/grpo/rollouts/5111_step58_g1.jsonl,5111,5,RECOMMEND,C,,,0.0,0.0
outputs/grpo_v3/grpo/rollouts/5111_step58_g1.jsonl,5111,6,RECOMMEND,C,A,0,0.0,0.0
outputs/grpo_v3/grpo/rollouts/5111_step58_g2.jsonl,5111,0,EXTEND,C,,,0.0,0.0
outputs/grpo_v3/grpo/rollouts/5111_step58_g2.jsonl,5111,1,RECOMMEND,C,A,0,0.0,0.0
outputs/grpo_v3/grpo/rollouts/5111_step58_g3.jsonl,5111,0,EXTEND,C,D,0,0.0,0.0
outputs/grpo_v3/grpo/rollouts/5111_step58_g3.jsonl,5111,1,RECOMMEND,C,,,0.0,0.0
outputs/grpo_v3/grpo/rollouts/5111_step58_g3.jsonl,5111,2,RECOMMEND,C,,,0.0,0.0
outputs/grpo_v3/grpo/rollouts/5111_step58_g3.jsonl,5111,3,RECOMMEND,C,,,0.0,0.0
outputs/grpo_v3/grpo/rollouts/5111_step58_g3.jsonl,5111,4,RECOMMEND,C,,,0.0,0.0
outputs/grpo_v3/grpo/rollouts/5111_step58_g3.jsonl,5111,5,RECOMMEND,C,,,0.0,0.0
outputs/grpo_v3/grpo/rollouts/5111_step58_g3.jsonl,5111,6,RECOMMEND,C,,,0.0,0.0
outputs/grpo_v3/grpo/rollouts/5111_step58_g3.jsonl,5111,7,RECOMMEND,C,,,0.0,0.0
outputs/grpo_v3/grpo/rollouts/5111_step58_g4.jsonl,5111,0,EXTEND,C,A,0,0.0,0.0
outputs/grpo_v3/grpo/rollouts/5111_step58_g4.jsonl,5111,1,RECOMMEND,C,D,0,0.0,0.0
outputs/grpo_v3/grpo/rollouts/5111_step58_g4.jsonl,5111,2,EXTEND,C,A,0,0.0,0.0
outputs/grpo_v3/grpo/rollouts/5111_step58_g4.jsonl,5111,3,EXTEND,C,A,0,0.0,0.0
outputs/grpo_v3/grpo/rollouts/5111_step58_g4.jsonl,5111,4,RECOMMEND,C,A,0,0.0,0.0
outputs/grpo_v3/grpo/rollouts/5111_step58_g4.jsonl,5111,5,EXTEND,C,,,0.0,0.0
outputs/grpo_v3/grpo/rollouts/5111_step58_g4.jsonl,5111,6,EXTEND,C,A,0,0.0,0.0
outputs/grpo_v3/grpo/rollouts/5111_step58_g5.jsonl,5111,0,EXTEND,C,D,0,0.0,0.0
outputs/grpo_v3/grpo/rollouts/5111_step58_g5.jsonl,5111,1,RECOMMEND,C,A,0,1.0,1.0
outputs/grpo_v3/grpo/rollouts/5111_step58_g5.jsonl,5111,2,RECOMMEND,C,A,0,0.0,0.0
outputs/grpo_v3/grpo/rollouts/5111_step58_g5.jsonl,5111,3,RECOMMEND,C,A,0,0.0,0.0
outputs/grpo_v3/grpo/rollouts/5111_step58_g5.jsonl,5111,4,EXTEND,C,A,0,0.0,0.0
outputs/grpo_v3/grpo/rollouts/5111_step58_g5.jsonl,5111,5,RECOMMEND,C,A,0,0.0,0.0
outputs/grpo_v3/grpo/rollouts/5111_step58_g5.jsonl,5111,6,RECOMMEND,C,A,0,0.0,0.0
outputs/grpo_v3/grpo/rollouts/5111_step58_g5.jsonl,5111,7,EXTEND,C,,,0.0,0.0
outputs/grpo_v3/grpo/rollouts/5111_step67_g0.jsonl,5111,0,EXTEND,C,A,0,0.0,0.0
outputs/grpo_v3/grpo/rollouts/5111_step67_g0.jsonl,5111,1,RECOMMEND,C,C,1,0.0,0.0
outputs/grpo_v3/grpo/rollouts/5111_step67_g0.jsonl,5111,2,RECOMMEND,C,,,0.0,0.0
outputs/grpo_v3/grpo/rollouts/5111_step67_g0.jsonl,5111,3,RECOMMEND,C,D,0,1.0,1.0
outputs/grpo_v3/grpo/rollouts/5111_step67_g1.jsonl,5111,0,EXTEND,C,A,0,0.0,0.0
outputs/grpo_v3/grpo/rollouts/5111_step67_g1.jsonl,5111,1,RECOMMEND,C,D,0,0.0,0.0
outputs/grpo_v3/grpo/rollouts/5111_step67_g1.jsonl,5111,2,RECOMMEND,C,D,0,0.0,0.0
outputs/grpo_v3/grpo/rollouts/5111_step67_g1.jsonl,5111,3,RECOMMEND,C,D,0,0.0,0.0
outputs/grpo_v3/grpo/rollouts/5111_step67_g1.jsonl,5111,4,RECOMMEND,C,,,0.0,0.0
outputs/grpo_v3/grpo/rollouts/5111_step67_g1.jsonl,5111,5,RECOMMEND,C,,,0.0,0.0
outputs/grpo_v3/grpo/rollouts/5111_step67_g1.jsonl,5111,6,RECOMMEND,C,D,0,0.0,0.0
outputs/grpo_v3/grpo/rollouts/5111_step67_g1.jsonl,5111,7,RECOMMEND,C,D,0,0.0,0.0
outputs/grpo_v3/grpo/rollouts/5111_step67_g2.jsonl,5111,0,EXTEND,C,,,0.0,0.0
outputs/grpo_v3/grpo/rollouts/5111_step67_g2.jsonl,5111,1,RECOMMEND,C,B,0,0.0,0.0
outputs/grpo_v3/grpo/rollouts/5111_step67_g2.jsonl,5111,2,RECOMMEND,C,B,0,0.0,0.0
outputs/grpo_v3/grpo/rollouts/5111_step67_g2.jsonl,5111,3,EXTEND,C,B,0,0.0,0.0
outputs/grpo_v3/grpo/rollouts/5111_step67_g2.jsonl,5111,4,RECOMMEND,C,,,0.0,0.0
outputs/grpo_v3/grpo/rollouts/5111_step67_g2.jsonl,5111,5,RECOMMEND,C,,,0.0,0.0
outputs/grpo_v3/grpo/rollouts/5111_step67_g3.jsonl,5111,0,EXTEND,C,,,0.0,0.0
outputs/grpo_v3/grpo/rollouts/5111_step67_g3.jsonl,5111,1,RECOMMEND,C,,,0.0,0.0
outputs/grpo_v3/grpo/rollouts/5111_step67_g3.jsonl,5111,2,RECOMMEND,C,,,0.0,0.0
outputs/grpo_v3/grpo/rollouts/5111_step67_g3.jsonl,5111,3,RECOMMEND,C,,,0.0,0.0
outputs/grpo_v3/grpo/rollouts/5111_step67_g3.jsonl,5111,4,RECOMMEND,C,,,0.0,0.0
outputs/grpo_v3/grpo/rollouts/5111_step67_g4.jsonl,5111,0,EXTEND,C,,,0.0,0.0
outputs/grpo_v3/grpo/rollouts/5111_step67_g4.jsonl,5111,1,EXTEND,C,,,0.0,0.0
outputs/grpo_v3/grpo/rollouts/5111_step67_g4.jsonl,5111,2,RECOMMEND,C,D,0,0.0,0.0
outputs/grpo_v3/grpo/rollouts/5111_step67_g4.jsonl,5111,3,EXTEND,C,C,1,0.0,0.0
outputs/grpo_v3/grpo/rollouts/5111_step67_g4.jsonl,5111,4,EXTEND,C,,,0.0,0.0
outputs/grpo_v3/grpo/rollouts/5111_step67_g4.jsonl,5111,5,EXTEND,C,D,0,0.0,0.0
outputs/grpo_v3/grpo/rollouts/5111_step67_g4.jsonl,5111,6,EXTEND,C,C,1,0.0,0.0
outputs/grpo_v3/grpo/rollouts/5111_step67_g4.jsonl,5111,7,RECOMMEND,C,D,0,0.0,0.0
outputs/grpo_v3/grpo/rollouts/5111_step67_g5.jsonl,5111,0,EXTEND,C,,,0.0,0.0
outputs/grpo_v3/grpo/rollouts/5111_step67_g5.jsonl,5111,1,EXTEND,C,D,0,0.0,0.0
outputs/grpo_v3/grpo/rollouts/5111_step67_g5.jsonl,5111,2,RECOMMEND,C,,,0.0,0.0
outputs/grpo_v3/grpo/rollouts/5111_step67_g5.jsonl,5111,3,RECOMMEND,C,,,0.0,0.0
outputs/grpo_v3/grpo/rollouts/5132_step35_g0.jsonl,5132,0,EXTEND,C,D,0,0.0,0.0
outputs/grpo_v3/grpo/rollouts/5132_step35_g1.jsonl,5132,0,EXTEND,C,C,1,0.0,0.0
outputs/grpo_v3/grpo/rollouts/5132_step35_g2.jsonl,5132,0,EXTEND,C,C,1,0.0,0.0
outputs/grpo_v3/grpo/rollouts/5132_step35_g3.jsonl,5132,0,EXTEND,C,,,0.0,0.0
outputs/grpo_v3/grpo/rollouts/5132_step35_g4.jsonl,5132,0,EXTEND,C,C,1,0.0,0.0
outputs/grpo_v3/grpo/rollouts/5132_step35_g5.jsonl,5132,0,EXTEND,C,C,1,0.0,0.0
outputs/grpo_v3/grpo/rollouts/6021_step0_g0.jsonl,6021,0,EXTEND,B,C,0,0.0,0.0
outputs/grpo_v3/grpo/rollouts/6021_step0_g0.jsonl,6021,1,RECOMMEND,B,B,1,0.0,0.0
outputs/grpo_v3/grpo/rollouts/6021_step0_g0.jsonl,6021,2,RECOMMEND,B,B,1,0.0,0.0
outputs/grpo_v3/grpo/rollouts/6021_step0_g0.jsonl,6021,3,RECOMMEND,B,B,1,0.0,0.0
outputs/grpo_v3/grpo/rollouts/6021_step0_g0.jsonl,6021,4,EXTEND,B,B,1,0.0,0.0
outputs/grpo_v3/grpo/rollouts/6021_step0_g0.jsonl,6021,5,RECOMMEND,B,B,1,0.0,0.0
outputs/grpo_v3/grpo/rollouts/6021_step0_g0.jsonl,6021,6,EXTEND,B,B,1,0.0,0.0
outputs/grpo_v3/grpo/rollouts/6021_step0_g0.jsonl,6021,7,RECOMMEND,B,B,1,0.0,0.0
outputs/grpo_v3/grpo/rollouts/6021_step0_g1.jsonl,6021,0,EXTEND,B,B,1,0.0,0.0
outputs/grpo_v3/grpo/rollouts/6021_step0_g1.jsonl,6021,1,EXTEND,B,B,1,0.0,0.0
outputs/grpo_v3/grpo/rollouts/6021_step0_g1.jsonl,6021,2,EXTEND,B,B,1,0.0,0.0
outputs/grpo_v3/grpo/rollouts/6021_step0_g1.jsonl,6021,3,EXTEND,B,A,0,0.0,0.0
outputs/grpo_v3/grpo/rollouts/6021_step0_g1.jsonl,6021,4,RECOMMEND,B,B,1,0.0,0.0
outputs/grpo_v3/grpo/rollouts/6021_step0_g1.jsonl,6021,5,RECOMMEND,B,B,1,0.0,0.0
outputs/grpo_v3/grpo/rollouts/6021_step0_g1.jsonl,6021,6,RECOMMEND,B,,,0.0,0.0
outputs/grpo_v3/grpo/rollouts/6021_step0_g1.jsonl,6021,7,EXTEND,B,B,1,0.0,0.0
outputs/grpo_v3/grpo/rollouts/6021_step0_g2.jsonl,6021,0,EXTEND,B,,,0.0,0.0
outputs/grpo_v3/grpo/rollouts/6021_step0_g2.jsonl,6021,1,RECOMMEND,B,B,1,0.0,0.0
outputs/grpo_v3/grpo/rollouts/6021_step0_g2.jsonl,6021,2,RECOMMEND,B,B,1,0.0,0.0
outputs/grpo_v3/grpo/rollouts/6021_step0_g2.jsonl,6021,3,EXTEND,B,B,1,0.0,0.0
outputs/grpo_v3/grpo/rollouts/6021_step0_g2.jsonl,6021,4,RECOMMEND,B,B,1,0.0,0.0
outputs/grpo_v3/grpo/rollouts/6021_step0_g2.jsonl,6021,5,RECOMMEND,B,B,1,0.0,0.0
outputs/grpo_v3/grpo/rollouts/6021_step0_g2.jsonl,6021,6,RECOMMEND,B,B,1,0.0,0.0
outputs/grpo_v3/grpo/rollouts/6021_step0_g2.jsonl,6021,7,RECOMMEND,B,B,1,0.0,0.0
outputs/grpo_v3/grpo/rollouts/6021_step0_g3.jsonl,6021,0,EXTEND,B,B,1,0.0,0.0
outputs/grpo_v3/grpo/rollouts/6021_step0_g3.jsonl,6021,1,EXTEND,B,B,1,0.0,0.0
outputs/grpo_v3/grpo/rollouts/6021_step0_g3.jsonl,6021,2,RECOMMEND,B,B,1,0.0,0.0
outputs/grpo_v3/grpo/rollouts/6021_step0_g3.jsonl,6021,3,RECOMMEND,B,B,1,0.0,0.0
outputs/grpo_v3/grpo/rollouts/6021_step0_g3.jsonl,6021,4,RECOMMEND,B,B,1,0.0,0.0
outputs/grpo_v3/grpo/rollouts/6021_step0_g3.jsonl,6021,5,RECOMMEND,B,B,1,0.0,0.0
outputs/grpo_v3/grpo/rollouts/6021_step0_g3.jsonl,6021,6,RECOMMEND,B,B,1,0.0,0.0
outputs/grpo_v3/grpo/rollouts/6021_step0_g3.jsonl,6021,7,EXTEND,B,B,1,0.0,0.0
outputs/grpo_v3/grpo/rollouts/6021_step0_g4.jsonl,6021,0,EXTEND,B,B,1,0.0,0.0
outputs/grpo_v3/grpo/rollouts/6021_step0_g4.jsonl,6021,1,RECOMMEND,B,,,0.0,0.0
outputs/grpo_v3/grpo/rollouts/6021_step0_g4.jsonl,6021,2,RECOMMEND,B,B,1,0.0,0.0
outputs/grpo_v3/grpo/rollouts/6021_step0_g4.jsonl,6021,3,RECOMMEND,B,B,1,0.0,0.0
outputs/grpo_v3/grpo/rollouts/6021_step0_g4.jsonl,6021,4,EXTEND,B,B,1,0.0,0.0
outputs/grpo_v3/grpo/rollouts/6021_step0_g4.jsonl,6021,5,EXTEND,B,B,1,0.0,0.0
outputs/grpo_v3/grpo/rollouts/6021_step0_g4.jsonl,6021,6,RECOMMEND,B,B,1,0.0,0.0
outputs/grpo_v3/grpo/rollouts/6021_step0_g4.jsonl,6021,7,RECOMMEND,B,B,1,0.0,0.0
outputs/grpo_v3/grpo/rollouts/6021_step0_g5.jsonl,6021,0,EXTEND,B,C,0,0.0,0.0
outputs/grpo_v3/grpo/rollouts/6021_step0_g5.jsonl,6021,1,RECOMMEND,B,B,1,0.0,0.0
outputs/grpo_v3/grpo/rollouts/6021_step0_g5.jsonl,6021,2,RECOMMEND,B,B,1,0.0,0.0
outputs/grpo_v3/grpo/rollouts/6021_step0_g5.jsonl,6021,3,EXTEND,B,B,1,0.0,0.0
outputs/grpo_v3/grpo/rollouts/6021_step0_g5.jsonl,6021,4,RECOMMEND,B,,,0.0,0.0
outputs/grpo_v3/grpo/rollouts/6021_step0_g5.jsonl,6021,5,EXTEND,B,,,0.0,0.0
outputs/grpo_v3/grpo/rollouts/6021_step0_g5.jsonl,6021,6,RECOMMEND,B,B,1,0.0,0.0
outputs/grpo_v3/grpo/rollouts/6021_step0_g5.jsonl,6021,7,EXTEND,B,B,1,0.0,0.0
outputs/grpo_v3/grpo/rollouts/6021_step8_g0.jsonl,6021,0,EXTEND,B,B,1,0.0,0.0
outputs/grpo_v3/grpo/rollouts/6021_step8_g0.jsonl,6021,1,EXTEND,B,C,0,0.0,0.0
outputs/grpo_v3/grpo/rollouts/6021_step8_g0.jsonl,6021,2,RECOMMEND,B,C,0,0.0,0.0
outputs/grpo_v3/grpo/rollouts/6021_step8_g0.jsonl,6021,3,EXTEND,B,B,1,0.0,0.0
outputs/grpo_v3/grpo/rollouts/6021_step8_g0.jsonl,6021,4,EXTEND,B,B,1,0.0,0.0
outputs/grpo_v3/grpo/rollouts/6021_step8_g0.jsonl,6021,5,RECOMMEND,B,B,1,0.0,0.0
outputs/grpo_v3/grpo/rollouts/6021_step8_g0.jsonl,6021,6,EXTEND,B,B,1,0.0,0.0
outputs/grpo_v3/grpo/rollouts/6021_step8_g0.jsonl,6021,7,RECOMMEND,B,B,1,0.0,0.0
outputs/grpo_v3/grpo/rollouts/6021_step8_g1.jsonl,6021,0,EXTEND,B,,,0.0,0.0
outputs/grpo_v3/grpo/rollouts/6021_step8_g1.jsonl,6021,1,RECOMMEND,B,,,0.0,0.0
outputs/grpo_v3/grpo/rollouts/6021_step8_g1.jsonl,6021,2,RECOMMEND,B,D,0,0.0,0.0
outputs/grpo_v3/grpo/rollouts/6021_step8_g1.jsonl,6021,3,RECOMMEND,B,D,0,0.0,0.0
outputs/grpo_v3/grpo/rollouts/6021_step8_g1.jsonl,6021,4,EXTEND,B,D,0,0.0,0.0
outputs/grpo_v3/grpo/rollouts/6021_step8_g1.jsonl,6021,5,EXTEND,B,D,0,0.0,0.0
outputs/grpo_v3/grpo/rollouts/6021_step8_g1.jsonl,6021,6,RECOMMEND,B,D,0,0.0,0.0
outputs/grpo_v3/grpo/rollouts/6021_step8_g1.jsonl,6021,7,RECOMMEND,B,D,0,0.0,0.0
outputs/grpo_v3/grpo/rollouts/6021_step8_g2.jsonl,6021,0,EXTEND,B,B,1,0.0,0.0
outputs/grpo_v3/grpo/rollouts/6021_step8_g2.jsonl,6021,1,RECOMMEND,B,B,1,0.0,0.0
outputs/grpo_v3/grpo/rollouts/6021_step8_g2.jsonl,6021,2,RECOMMEND,B,B,1,0.0,0.0
outputs/grpo_v3/grpo/rollouts/6021_step8_g2.jsonl,6021,3,RECOMMEND,B,B,1,0.0,0.0
outputs/grpo_v3/grpo/rollouts/6021_step8_g2.jsonl,6021,4,RECOMMEND,B,B,1,0.0,0.0
outputs/grpo_v3/grpo/rollouts/6021_step8_g2.jsonl,6021,5,RECOMMEND,B,B,1,0.0,0.0
outputs/grpo_v3/grpo/rollouts/6021_step8_g2.jsonl,6021,6,RECOMMEND,B,B,1,0.0,0.0
outputs/grpo_v3/grpo/rollouts/6021_step8_g2.jsonl,6021,7,RECOMMEND,B,B,1,0.0,0.0
outputs/grpo_v3/grpo/rollouts/6021_step8_g3.jsonl,6021,0,EXTEND,B,B,1,0.0,0.0
outputs/grpo_v3/grpo/rollouts/6021_step8_g3.jsonl,6021,1,EXTEND,B,D,0,0.0,0.0
outputs/grpo_v3/grpo/rollouts/6021_step8_g3.jsonl,6021,2,EXTEND,B,D,0,0.0,0.0
outputs/grpo_v3/grpo/rollouts/6021_step8_g3.jsonl,6021,3,RECOMMEND,B,D,0,0.0,0.0
outputs/grpo_v3/grpo/rollouts/6021_step8_g3.jsonl,6021,4,EXTEND,B,D,0,0.0,0.0
outputs/grpo_v3/grpo/rollouts/6021_step8_g3.jsonl,6021,5,EXTEND,B,,,0.0,0.0
outputs/grpo_v3/grpo/rollouts/6021_step8_g3.jsonl,6021,6,RECOMMEND,B,B,1,0.0,0.0
outputs/grpo_v3/grpo/rollouts/6021_step8_g3.jsonl,6021,7,EXTEND,B,D,0,0.0,0.0
outputs/grpo_v3/grpo/rollouts/6021_step8_g4.jsonl,6021,0,EXTEND,B,C,0,0.0,0.0
outputs/grpo_v3/grpo/rollouts/6021_step8_g4.jsonl,6021,1,RECOMMEND,B,,,0.0,0.0
outputs/grpo_v3/grpo/rollouts/6021_step8_g4.jsonl,6021,2,RECOMMEND,B,B,1,0.0,0.0
outputs/grpo_v3/grpo/rollouts/6021_step8_g4.jsonl,6021,3,RECOMMEND,B,,,0.0,0.0
outputs/grpo_v3/grpo/rollouts/6021_step8_g4.jsonl,6021,4,EXTEND,B,C,0,0.0,0.0
outputs/grpo_v3/grpo/rollouts/6021_step8_g4.jsonl,6021,5,RECOMMEND,B,C,0,0.0,0.0
outputs/grpo_v3/grpo/rollouts/6021_step8_g4.jsonl,6021,6,RECOMMEND,B,C,0,0.0,0.0
outputs/grpo_v3/grpo/rollouts/6021_step8_g4.jsonl,6021,7,RECOMMEND,B,C,0,0.0,0.0
outputs/grpo_v3/grpo/rollouts/6021_step8_g5.jsonl,6021,0,EXTEND,B,B,1,0.0,0.0
outputs/grpo_v3/grpo/rollouts/6021_step8_g5.jsonl,6021,1,RECOMMEND,B,B,1,0.0,0.0
outputs/grpo_v3/grpo/rollouts/6021_step8_g5.jsonl,6021,2,RECOMMEND,B,B,1,0.0,0.0
outputs/grpo_v3/grpo/rollouts/6021_step8_g5.jsonl,6021,3,RECOMMEND,B,B,1,0.0,0.0
outputs/grpo_v3/grpo/rollouts/6021_step8_g5.jsonl,6021,4,RECOMMEND,B,B,1,0.0,0.0
outputs/grpo_v3/grpo/rollouts/6021_step8_g5.jsonl,6021,5,EXTEND,B,B,1,0.0,0.0
outputs/grpo_v3/grpo/rollouts/6021_step8_g5.jsonl,6021,6,EXTEND,B,B,1,0.0,0.0
outputs/grpo_v3/grpo/rollouts/6021_step8_g5.jsonl,6021,7,RECOMMEND,B,B,1,0.0,0.0
outputs/grpo_v3/grpo/rollouts/6043_step38_g0.jsonl,6043,0,EXTEND,C,C,1,0.0,0.0
outputs/grpo_v3/grpo/rollouts/6043_step38_g0.jsonl,6043,1,RECOMMEND,C,C,1,0.0,0.0
outputs/grpo_v3/grpo/rollouts/6043_step38_g0.jsonl,6043,2,EXTEND,C,C,1,0.0,0.0
outputs/grpo_v3/grpo/rollouts/6043_step38_g0.jsonl,6043,3,RECOMMEND,C,C,1,0.0,0.0
outputs/grpo_v3/grpo/rollouts/6043_step38_g1.jsonl,6043,0,EXTEND,C,C,1,0.0,0.0
outputs/grpo_v3/grpo/rollouts/6043_step38_g1.jsonl,6043,1,EXTEND,C,,,0.0,0.0
outputs/grpo_v3/grpo/rollouts/6043_step38_g1.jsonl,6043,2,RECOMMEND,C,,,0.0,0.0
outputs/grpo_v3/grpo/rollouts/6043_step38_g1.jsonl,6043,3,EXTEND,C,,,0.0,0.0
outputs/grpo_v3/grpo/rollouts/6043_step38_g1.jsonl,6043,4,RECOMMEND,C,,,0.0,0.0
outputs/grpo_v3/grpo/rollouts/6043_step38_g1.jsonl,6043,5,EXTEND,C,C,1,0.0,0.0
outputs/grpo_v3/grpo/rollouts/6043_step38_g1.jsonl,6043,6,RECOMMEND,C,C,1,0.0,0.0
outputs/grpo_v3/grpo/rollouts/6043_step38_g1.jsonl,6043,7,RECOMMEND,C,,,0.0,0.0
outputs/grpo_v3/grpo/rollouts/6043_step38_g2.jsonl,6043,0,EXTEND,C,C,1,0.0,0.0
outputs/grpo_v3/grpo/rollouts/6043_step38_g2.jsonl,6043,1,EXTEND,C,C,1,0.0,0.0
outputs/grpo_v3/grpo/rollouts/6043_step38_g3.jsonl,6043,0,EXTEND,C,C,1,0.0,0.0
outputs/grpo_v3/grpo/rollouts/6043_step38_g3.jsonl,6043,1,RECOMMEND,C,C,1,0.0,0.0
outputs/grpo_v3/grpo/rollouts/6043_step38_g4.jsonl,6043,0,EXTEND,C,C,1,0.0,0.0
outputs/grpo_v3/grpo/rollouts/6043_step38_g4.jsonl,6043,1,RECOMMEND,C,C,1,0.0,0.0
outputs/grpo_v3/grpo/rollouts/6043_step38_g5.jsonl,6043,0,EXTEND,C,C,1,0.0,0.0
outputs/grpo_v3/grpo/rollouts/6043_step38_g5.jsonl,6043,1,EXTEND,C,C,1,0.0,0.0
outputs/grpo_v3/grpo/rollouts/6043_step38_g5.jsonl,6043,2,EXTEND,C,,,0.0,0.0
outputs/grpo_v3/grpo/rollouts/6043_step38_g5.jsonl,6043,3,RECOMMEND,C,,,0.0,0.0
outputs/grpo_v3/grpo/rollouts/6043_step38_g5.jsonl,6043,4,RECOMMEND,C,,,0.0,0.0
outputs/grpo_v3/grpo/rollouts/6043_step38_g5.jsonl,6043,5,RECOMMEND,C,,,0.0,0.0
outputs/grpo_v3/grpo/rollouts/6043_step38_g5.jsonl,6043,6,RECOMMEND,C,,,0.0,0.0
outputs/grpo_v3/grpo/rollouts/6043_step38_g5.jsonl,6043,7,RECOMMEND,C,,,0.0,0.0
outputs/grpo_v3/grpo/rollouts/6048_step14_g0.jsonl,6048,0,EXTEND,B,B,1,0.0,0.0
outputs/grpo_v3/grpo/rollouts/6048_step14_g0.jsonl,6048,1,RECOMMEND,B,B,1,0.0,0.0
outputs/grpo_v3/grpo/rollouts/6048_step14_g0.jsonl,6048,2,EXTEND,B,C,0,0.0,0.0
outputs/grpo_v3/grpo/rollouts/6048_step14_g0.jsonl,6048,3,RECOMMEND,B,B,1,0.0,0.0
outputs/grpo_v3/grpo/rollouts/6048_step14_g0.jsonl,6048,4,EXTEND,B,C,0,0.0,0.0
outputs/grpo_v3/grpo/rollouts/6048_step14_g0.jsonl,6048,5,RECOMMEND,B,C,0,0.0,0.0
outputs/grpo_v3/grpo/rollouts/6048_step14_g0.jsonl,6048,6,RECOMMEND,B,C,0,0.0,0.0
outputs/grpo_v3/grpo/rollouts/6048_step14_g0.jsonl,6048,7,RECOMMEND,B,C,0,0.0,0.0
outputs/grpo_v3/grpo/rollouts/6048_step14_g1.jsonl,6048,0,EXTEND,B,C,0,0.0,0.0
outputs/grpo_v3/grpo/rollouts/6048_step14_g1.jsonl,6048,1,EXTEND,B,C,0,0.0,0.0
outputs/grpo_v3/grpo/rollouts/6048_step14_g1.jsonl,6048,2,RECOMMEND,B,B,1,0.0,0.0
outputs/grpo_v3/grpo/rollouts/6048_step14_g1.jsonl,6048,3,EXTEND,B,C,0,0.0,0.0
outputs/grpo_v3/grpo/rollouts/6048_step14_g1.jsonl,6048,4,RECOMMEND,B,B,1,0.0,0.0
outputs/grpo_v3/grpo/rollouts/6048_step14_g1.jsonl,6048,5,EXTEND,B,C,0,0.0,0.0
outputs/grpo_v3/grpo/rollouts/6048_step14_g1.jsonl,6048,6,RECOMMEND,B,,,0.0,0.0
outputs/grpo_v3/grpo/rollouts/6048_step14_g1.jsonl,6048,7,RECOMMEND,B,B,1,0.0,0.0
outputs/grpo_v3/grpo/rollouts/6048_step14_g2.jsonl,6048,0,EXTEND,B,B,1,0.0,0.0
outputs/grpo_v3/grpo/rollouts/6048_step14_g3.jsonl,6048,0,EXTEND,B,,,0.0,0.0
outputs/grpo_v3/grpo/rollouts/6048_step14_g3.jsonl,6048,1,RECOMMEND,B,B,1,1.0,0.0
outputs/grpo_v3/grpo/rollouts/6048_step14_g3.jsonl,6048,2,RECOMMEND,B,B,1,1.0,0.0
outputs/grpo_v3/grpo/rollouts/6048_step14_g4.jsonl,6048,0,EXTEND,B,C,0,0.0,0.0
outputs/grpo_v3/grpo/rollouts/6048_step14_g4.jsonl,6048,1,RECOMMEND,B,B,1,1.0,0.0
outputs/grpo_v3/grpo/rollouts/6048_step14_g4.jsonl,6048,2,RECOMMEND,B,B,1,1.0,0.0
outputs/grpo_v3/grpo/rollouts/6048_step14_g4.jsonl,6048,3,EXTEND,B,B,1,0.0,0.0
outputs/grpo_v3/grpo/rollouts/6048_step14_g4.jsonl,6048,4,RECOMMEND,B,B,1,0.0,0.0
outputs/grpo_v3/grpo/rollouts/6048_step14_g4.jsonl,6048,5,EXTEND,B,B,1,0.0,0.0
outputs/grpo_v3/grpo/rollouts/6048_step14_g4.jsonl,6048,6,EXTEND,B,B,1,0.0,0.0
outputs/grpo_v3/grpo/rollouts/6048_step14_g4.jsonl,6048,7,EXTEND,B,B,1,0.0,0.0
outputs/grpo_v3/grpo/rollouts/6048_step14_g5.jsonl,6048,0,EXTEND,B,B,1,0.0,0.0
outputs/grpo_v3/grpo/rollouts/6048_step14_g5.jsonl,6048,1,EXTEND,B,,,0.0,0.0
outputs/grpo_v3/grpo/rollouts/6048_step14_g5.jsonl,6048,2,RECOMMEND,B,B,1,0.0,0.0
outputs/grpo_v3/grpo/rollouts/6048_step14_g5.jsonl,6048,3,EXTEND,B,B,1,0.0,0.0
outputs/grpo_v3/grpo/rollouts/6048_step14_g5.jsonl,6048,4,EXTEND,B,C,0,0.0,0.0
outputs/grpo_v3/grpo/rollouts/6048_step14_g5.jsonl,6048,5,RECOMMEND,B,C,0,0.0,0.0
outputs/grpo_v3/grpo/rollouts/6048_step14_g5.jsonl,6048,6,EXTEND,B,B,1,0.0,0.0
outputs/grpo_v3/grpo/rollouts/6048_step14_g5.jsonl,6048,7,EXTEND,B,,,0.0,0.0
outputs/grpo_v3/grpo/rollouts/6048_step20_g0.jsonl,6048,0,EXTEND,B,B,1,0.0,0.0
outputs/grpo_v3/grpo/rollouts/6048_step20_g0.jsonl,6048,1,EXTEND,B,C,0,0.0,0.0
outputs/grpo_v3/grpo/rollouts/6048_step20_g0.jsonl,6048,2,EXTEND,B,C,0,0.0,0.0
outputs/grpo_v3/grpo/rollouts/6048_step20_g0.jsonl,6048,3,EXTEND,B,C,0,0.0,0.0
outputs/grpo_v3/grpo/rollouts/6048_step20_g0.jsonl,6048,4,RECOMMEND,B,C,0,0.0,0.0
outputs/grpo_v3/grpo/rollouts/6048_step20_g1.jsonl,6048,0,EXTEND,B,,,0.0,0.0
outputs/grpo_v3/grpo/rollouts/6048_step20_g1.jsonl,6048,1,RECOMMEND,B,B,1,1.0,0.0
outputs/grpo_v3/grpo/rollouts/6048_step20_g1.jsonl,6048,2,EXTEND,B,B,1,0.0,0.0
outputs/grpo_v3/grpo/rollouts/6048_step20_g2.jsonl,6048,0,EXTEND,B,C,0,0.0,0.0
outputs/grpo_v3/grpo/rollouts/6048_step20_g2.jsonl,6048,1,RECOMMEND,B,C,0,0.0,0.0
outputs/grpo_v3/grpo/rollouts/6048_step20_g3.jsonl,6048,0,EXTEND,B,C,0,0.0,0.0
outputs/grpo_v3/grpo/rollouts/6048_step20_g3.jsonl,6048,1,RECOMMEND,B,B,1,0.0,0.0
outputs/grpo_v3/grpo/rollouts/6048_step20_g3.jsonl,6048,2,RECOMMEND,B,B,1,0.0,0.0
outputs/grpo_v3/grpo/rollouts/6048_step20_g4.jsonl,6048,0,EXTEND,B,C,0,0.0,0.0
outputs/grpo_v3/grpo/rollouts/6048_step20_g4.jsonl,6048,1,RECOMMEND,B,B,1,0.0,0.0
outputs/grpo_v3/grpo/rollouts/6048_step20_g4.jsonl,6048,2,EXTEND,B,C,0,0.0,0.0
outputs/grpo_v3/grpo/rollouts/6048_step20_g5.jsonl,6048,0,EXTEND,B,,,0.0,0.0
outputs/grpo_v3/grpo/rollouts/6048_step20_g5.jsonl,6048,1,RECOMMEND,B,B,1,1.0,0.0
outputs/grpo_v3/grpo/rollouts/6048_step20_g5.jsonl,6048,2,EXTEND,B,,,0.0,0.0
outputs/grpo_v3/grpo/rollouts/6048_step20_g5.jsonl,6048,3,RECOMMEND,B,,,0.0,0.0
outputs/grpo_v3/grpo/rollouts/6048_step20_g5.jsonl,6048,4,EXTEND,B,,,0.0,0.0
outputs/grpo_v3/grpo/rollouts/6048_step20_g5.jsonl,6048,5,EXTEND,B,,,0.0,0.0
outputs/grpo_v3/grpo/rollouts/6048_step20_g5.jsonl,6048,6,RECOMMEND,B,B,1,0.0,0.0
outputs/grpo_v3/grpo/rollouts/6048_step20_g5.jsonl,6048,7,EXTEND,B,B,1,0.0,0.0
outputs/grpo_v3/grpo/rollouts/6048_step62_g0.jsonl,6048,0,EXTEND,B,,,0.0,0.0
outputs/grpo_v3/grpo/rollouts/6048_step62_g0.jsonl,6048,1,RECOMMEND,B,C,0,0.0,0.0
outputs/grpo_v3/grpo/rollouts/6048_step62_g0.jsonl,6048,2,RECOMMEND,B,C,0,0.0,0.0
outputs/grpo_v3/grpo/rollouts/6048_step62_g0.jsonl,6048,3,RECOMMEND,B,B,1,1.0,0.0
outputs/grpo_v3/grpo/rollouts/6048_step62_g1.jsonl,6048,0,EXTEND,B,C,0,0.0,0.0
outputs/grpo_v3/grpo/rollouts/6048_step62_g1.jsonl,6048,1,RECOMMEND,B,B,1,1.0,0.0
outputs/grpo_v3/grpo/rollouts/6048_step62_g2.jsonl,6048,0,EXTEND,B,C,0,0.0,0.0
outputs/grpo_v3/grpo/rollouts/6048_step62_g2.jsonl,6048,1,RECOMMEND,B,B,1,0.0,0.0
outputs/grpo_v3/grpo/rollouts/6048_step62_g2.jsonl,6048,2,RECOMMEND,B,B,1,0.0,0.0
outputs/grpo_v3/grpo/rollouts/6048_step62_g2.jsonl,6048,3,RECOMMEND,B,C,0,0.0,0.0
outputs/grpo_v3/grpo/rollouts/6048_step62_g2.jsonl,6048,4,RECOMMEND,B,C,0,0.0,0.0
outputs/grpo_v3/grpo/rollouts/6048_step62_g3.jsonl,6048,0,EXTEND,B,C,0,0.0,0.0
outputs/grpo_v3/grpo/rollouts/6048_step62_g3.jsonl,6048,1,RECOMMEND,B,B,1,0.0,0.0
outputs/grpo_v3/grpo/rollouts/6048_step62_g4.jsonl,6048,0,EXTEND,B,C,0,0.0,0.0
outputs/grpo_v3/grpo/rollouts/6048_step62_g4.jsonl,6048,1,EXTEND,B,B,1,0.0,0.0
outputs/grpo_v3/grpo/rollouts/6048_step62_g4.jsonl,6048,2,RECOMMEND,B,C,0,0.0,0.0
outputs/grpo_v3/grpo/rollouts/6048_step62_g4.jsonl,6048,3,RECOMMEND,B,C,0,0.0,0.0
outputs/grpo_v3/grpo/rollouts/6048_step62_g4.jsonl,6048,4,RECOMMEND,B,C,0,0.0,0.0
outputs/grpo_v3/grpo/rollouts/6048_step62_g4.jsonl,6048,5,RECOMMEND,B,C,0,0.0,0.0
outputs/grpo_v3/grpo/rollouts/6048_step62_g4.jsonl,6048,6,RECOMMEND,B,,,0.0,0.0
outputs/grpo_v3/grpo/rollouts/6048_step62_g5.jsonl,6048,0,EXTEND,B,C,0,0.0,0.0
outputs/grpo_v3/grpo/rollouts/6048_step62_g5.jsonl,6048,1,RECOMMEND,B,C,0,0.0,0.0
outputs/grpo_v3/grpo/rollouts/6048_step62_g5.jsonl,6048,2,RECOMMEND,B,C,0,0.0,0.0
outputs/grpo_v3/grpo/rollouts/6048_step62_g5.jsonl,6048,3,RECOMMEND,B,C,0,0.0,0.0
outputs/grpo_v3/grpo/rollouts/6048_step62_g5.jsonl,6048,4,EXTEND,B,C,0,0.0,0.0
outputs/grpo_v3/grpo/rollouts/6054_step43_g0.jsonl,6054,0,EXTEND,C,C,1,0.0,0.0
outputs/grpo_v3/grpo/rollouts/6054_step43_g0.jsonl,6054,1,RECOMMEND,C,C,1,0.0,0.0
outputs/grpo_v3/grpo/rollouts/6054_step43_g0.jsonl,6054,2,RECOMMEND,C,C,1,0.0,0.0
outputs/grpo_v3/grpo/rollouts/6054_step43_g0.jsonl,6054,3,RECOMMEND,C,C,1,0.0,0.0
outputs/grpo_v3/grpo/rollouts/6054_step43_g1.jsonl,6054,0,EXTEND,C,C,1,0.0,0.0
outputs/grpo_v3/grpo/rollouts/6054_step43_g1.jsonl,6054,1,EXTEND,C,C,1,0.0,0.0
outputs/grpo_v3/grpo/rollouts/6054_step43_g1.jsonl,6054,2,RECOMMEND,C,C,1,0.0,0.0
outputs/grpo_v3/grpo/rollouts/6054_step43_g1.jsonl,6054,3,RECOMMEND,C,C,1,1.0,0.0
outputs/grpo_v3/grpo/rollouts/6054_step43_g1.jsonl,6054,4,RECOMMEND,C,C,1,0.0,0.0
outputs/grpo_v3/grpo/rollouts/6054_step43_g2.jsonl,6054,0,EXTEND,C,C,1,0.0,0.0
outputs/grpo_v3/grpo/rollouts/6054_step43_g3.jsonl,6054,0,EXTEND,C,A,0,0.0,0.0
outputs/grpo_v3/grpo/rollouts/6054_step43_g3.jsonl,6054,1,RECOMMEND,C,A,0,0.0,0.0
outputs/grpo_v3/grpo/rollouts/6054_step43_g4.jsonl,6054,0,EXTEND,C,,,0.0,0.0
outputs/grpo_v3/grpo/rollouts/6054_step43_g5.jsonl,6054,0,EXTEND,C,C,1,0.0,0.0
outputs/grpo_v3/grpo/rollouts/6054_step53_g0.jsonl,6054,0,EXTEND,C,,,0.0,0.0
outputs/grpo_v3/grpo/rollouts/6054_step53_g0.jsonl,6054,1,RECOMMEND,C,A,0,0.0,0.0
outputs/grpo_v3/grpo/rollouts/6054_step53_g1.jsonl,6054,0,EXTEND,C,C,1,0.0,0.0
outputs/grpo_v3/grpo/rollouts/6054_step53_g2.jsonl,6054,0,EXTEND,C,,,0.0,0.0
outputs/grpo_v3/grpo/rollouts/6054_step53_g3.jsonl,6054,0,EXTEND,C,C,1,0.0,0.0
outputs/grpo_v3/grpo/rollouts/6054_step53_g4.jsonl,6054,0,EXTEND,C,A,0,0.0,0.0
outputs/grpo_v3/grpo/rollouts/6054_step53_g4.jsonl,6054,1,RECOMMEND,C,C,1,0.0,0.0
outputs/grpo_v3/grpo/rollouts/6054_step53_g4.jsonl,6054,2,EXTEND,C,C,1,0.0,0.0
outputs/grpo_v3/grpo/rollouts/6054_step53_g4.jsonl,6054,3,RECOMMEND,C,C,1,0.0,0.0
outputs/grpo_v3/grpo/rollouts/6054_step53_g5.jsonl,6054,0,EXTEND,C,C,1,0.0,0.0
